-- MySQL dump 10.13  Distrib 5.6.23, for Linux (x86_64)
--
-- Host: localhost    Database: datasense
-- ------------------------------------------------------
-- Server version	5.6.23

/*!40101 SET @OLD_CHARACTER_SET_CLIENT=@@CHARACTER_SET_CLIENT */;
/*!40101 SET @OLD_CHARACTER_SET_RESULTS=@@CHARACTER_SET_RESULTS */;
/*!40101 SET @OLD_COLLATION_CONNECTION=@@COLLATION_CONNECTION */;
/*!40101 SET NAMES utf8 */;
/*!40103 SET @OLD_TIME_ZONE=@@TIME_ZONE */;
/*!40103 SET TIME_ZONE='+00:00' */;
/*!40014 SET @OLD_UNIQUE_CHECKS=@@UNIQUE_CHECKS, UNIQUE_CHECKS=0 */;
/*!40014 SET @OLD_FOREIGN_KEY_CHECKS=@@FOREIGN_KEY_CHECKS, FOREIGN_KEY_CHECKS=0 */;
/*!40101 SET @OLD_SQL_MODE=@@SQL_MODE, SQL_MODE='NO_AUTO_VALUE_ON_ZERO' */;
/*!40111 SET @OLD_SQL_NOTES=@@SQL_NOTES, SQL_NOTES=0 */;

--
-- Table structure for table `DATABASECHANGELOG`
--

DROP TABLE IF EXISTS `DATABASECHANGELOG`;
/*!40101 SET @saved_cs_client     = @@character_set_client */;
/*!40101 SET character_set_client = utf8 */;
CREATE TABLE `DATABASECHANGELOG` (
  `ID` varchar(255) NOT NULL,
  `AUTHOR` varchar(255) NOT NULL,
  `FILENAME` varchar(255) NOT NULL,
  `DATEEXECUTED` datetime NOT NULL,
  `ORDEREXECUTED` int(11) NOT NULL,
  `EXECTYPE` varchar(10) NOT NULL,
  `MD5SUM` varchar(35) DEFAULT NULL,
  `DESCRIPTION` varchar(255) DEFAULT NULL,
  `COMMENTS` varchar(255) DEFAULT NULL,
  `TAG` varchar(255) DEFAULT NULL,
  `LIQUIBASE` varchar(20) DEFAULT NULL
) ENGINE=InnoDB DEFAULT CHARSET=utf8;
/*!40101 SET character_set_client = @saved_cs_client */;

--
-- Dumping data for table `DATABASECHANGELOG`
--

LOCK TABLES `DATABASECHANGELOG` WRITE;
/*!40000 ALTER TABLE `DATABASECHANGELOG` DISABLE KEYS */;
INSERT INTO `DATABASECHANGELOG` VALUES ('ict4h-atomfeed-client-1','ict4h','classpath:/db/changelog/db-changelog.xml','2015-05-19 16:07:28',1,'EXECUTED','7:0541b7480354e6c86bbc2f0d5fcbc0d3','createTable','',NULL,'3.1.1'),('ict4h-atomfeed-client-2','ict4h','classpath:/db/changelog/db-changelog.xml','2015-05-19 16:07:28',2,'EXECUTED','7:0e27b28f7b082f4cbc928398c9fc44c1','createTable','',NULL,'3.1.1'),('sharedhealth-datasense-20141029-1432','sharedhealth','classpath:/db/changelog/db-changelog.xml','2015-05-19 16:07:28',3,'EXECUTED','7:3b49325b1cbedba2f5cdb8e3cb8a38db','sqlFile','creating quartz tables',NULL,'3.1.1'),('sharedhealth-datasense-20141031-1739','sharedhealth','classpath:/db/changelog/db-changelog.xml','2015-05-19 16:07:28',4,'EXECUTED','7:2e0f7868ad7dc2b8b2bf9e199ab874a2','modifyDataType','',NULL,'3.1.1'),('sharedhealth-datasense-20141106-1214','sharedhealth','classpath:/db/changelog/db-changelog.xml','2015-05-19 16:07:28',5,'EXECUTED','7:4b11482d40496a465e7c40a65d1fc99c','createTable','creating location table',NULL,'3.1.1'),('sharedhealth-datasense-20141106-1244','sharedhealth','classpath:/db/changelog/db-changelog.xml','2015-05-19 16:07:28',6,'EXECUTED','7:ed14185f7705375c0717ab8763563238','addForeignKeyConstraint','add foreign key constraints for location table',NULL,'3.1.1'),('sharedhealth-datasense-20141106-1245','sharedhealth','classpath:/db/changelog/db-changelog.xml','2015-05-19 16:07:28',7,'EXECUTED','7:8ce0da43da29f10719dbfaa0cbad2df9','createTable','creating patient table',NULL,'3.1.1'),('sharedhealth-datasense-20141106-1249','sharedhealth','classpath:/db/changelog/db-changelog.xml','2015-05-19 16:07:28',8,'EXECUTED','7:38a439f412b015a429183361d99145b6','createTable','creating facility table',NULL,'3.1.1'),('sharedhealth-datasense-20141106-1930','sharedhealth','classpath:/db/changelog/db-changelog.xml','2015-05-19 16:07:28',9,'EXECUTED','7:c69fc5981eb64e80be277439842a93c1','createTable','creating encounter table',NULL,'3.1.1'),('sharedhealth-datasense-20141110-1158','sharedhealth','classpath:/db/changelog/db-changelog.xml','2015-05-19 16:07:28',10,'EXECUTED','7:3a54fbaeb1b9f57d6ac3e16e84dd00a0','createTable','creating diagnosis table',NULL,'3.1.1'),('sharedhealth-datasense-20150102-1204','sharedhealth','classpath:/db/changelog/db-changelog.xml','2015-05-19 16:07:28',11,'EXECUTED','7:c0306f132793c7f66a564a1f37cbd3ed','addColumn','adding column dhis_org_unit_uid',NULL,'3.1.1'),('sharedhealth-datasense-20150113-0455','sharedhealth','classpath:/db/changelog/db-changelog.xml','2015-05-19 16:07:28',12,'EXECUTED','7:a64a8f91ceba8f5f47d6ab327d57335a','modifyDataType (x4)','modifying all timestamp datatype to datetime',NULL,'3.1.1'),('aggregate-query-service-201501020718','ict4h','classpath:/db/changelog/db-changelog.xml','2015-05-19 16:07:28',13,'EXECUTED','7:b79e9cb2075f9f73b3f89959c2e740d0','createTable','',NULL,'3.1.1'),('aggregate-query-service-201501121119','sharedhealth','classpath:/db/changelog/db-changelog.xml','2015-05-19 16:07:28',14,'EXECUTED','7:3ad9bd03fc103aed2a893e108f770e1c','addColumn (x3)','',NULL,'3.1.1'),('sharedhealth-datasense-20150114-1529','sharedhealth','classpath:/db/changelog/db-changelog.xml','2015-05-19 16:07:28',15,'EXECUTED','7:c38768b3803b2db8ce9b8159c082421f','createTable','creating medication table',NULL,'3.1.1'),('sharedhealth-datasense-20150120-1245','sharedhealth','classpath:/db/changelog/db-changelog.xml','2015-05-19 16:07:28',16,'EXECUTED','7:9431b8268107797be7942ceae15f4531','createTable, addForeignKeyConstraint','creating observation table',NULL,'3.1.1'),('sharedhealth-datasense-20150120-1448','sharedhealth','classpath:/db/changelog/db-changelog.xml','2015-05-19 16:07:28',17,'EXECUTED','7:7773a21bae9eea54721cd58b70668978','addColumn (x2)','adding column uuid to diagnosis and medication',NULL,'3.1.1'),('sharedhealth-datasense-20150122-1232','sharedhealth','classpath:/db/changelog/db-changelog.xml','2015-05-19 16:07:28',18,'EXECUTED','7:e7ed48878d4f0f9e03f852fad1ace9cb','update (x2)','populating uuid columns for diagnosis and medication.',NULL,'3.1.1'),('sharedhealth-datasense-20150121-1802','sharedhealth','classpath:/db/changelog/db-changelog.xml','2015-05-19 16:07:29',19,'EXECUTED','7:86b264badf674522682d355c58d4ba02','addUniqueConstraint, addNotNullConstraint, addUniqueConstraint, addNotNullConstraint','adding unique and not null constraints to diagnosis and medication.',NULL,'3.1.1'),('sharedhealth-datasense-20150127-1049','sharedhealth','classpath:/db/changelog/db-changelog.xml','2015-05-19 16:07:29',20,'EXECUTED','7:99d1ee0012dec00d76487d808b891511','createTable','creating tr concept table',NULL,'3.1.1'),('sharedhealth-datasense-20150127-1059','sharedhealth','classpath:/db/changelog/db-changelog.xml','2015-05-19 16:07:29',21,'EXECUTED','7:3fe35e19637f8bb9b966ebb9192cbace','createTable','creating tr reference term table',NULL,'3.1.1'),('sharedhealth-datasense-20150127-1060','sharedhealth','classpath:/db/changelog/db-changelog.xml','2015-05-19 16:07:29',22,'EXECUTED','7:2b0480c646317b17f4a4e0cb0ba0bdc4','createTable','creating tr reference term map table',NULL,'3.1.1'),('sharedhealth-datasense-20150130-1635','sharedhealth','classpath:/db/changelog/db-changelog.xml','2015-05-19 16:07:29',23,'EXECUTED','7:d5001acdc258fe1bee53bfcc7c387b6f','createTable','creating patient death details table',NULL,'3.1.1'),('sharedhealth-datasense-20150130-1653','sharedhealth','classpath:/db/changelog/db-changelog.xml','2015-05-19 16:07:29',24,'EXECUTED','7:52d46e8fa393919c04230d07179a397d','createTable','creating tr drug table',NULL,'3.1.1'),('sharedhealth-datasense-20150203-1151','sharedhealth','classpath:/db/changelog/db-changelog.xml','2015-05-19 16:07:29',25,'EXECUTED','7:52f87cef2536e0d9cd8a5e627c0a06bc','dropColumn (x3)','alter medication table',NULL,'3.1.1'),('sharedhealth-datasense-20150203-1208','sharedhealth','classpath:/db/changelog/db-changelog.xml','2015-05-19 16:07:29',26,'EXECUTED','7:dfa4f5c123886af8796ff7d329618cce','modifyDataType','',NULL,'3.1.1'),('sharedhealth-datasense-20150204-1635','sharedhealth','classpath:/db/changelog/db-changelog.xml','2015-05-19 16:07:29',27,'EXECUTED','7:a885f8cc00b0288c639cb321fccd40e7','createTable','creating patient procedure details table',NULL,'3.1.1'),('sharedhealth-datasense-20150219-1433','sharedhealth','classpath:/db/changelog/db-changelog.xml','2015-05-19 16:07:29',28,'EXECUTED','7:6168833c90660267bd4b35c0a346b0eb','createTable','creating provider table',NULL,'3.1.1'),('sharedhealth-datasense-20150423-1351','sanjana','classpath:/db/changelog/db-changelog.xml','2015-05-19 16:07:29',29,'EXECUTED','7:6d81a34fd923f523851906dbe7dcb9d5','modifyDataType','Increasing the concept name column size',NULL,'3.1.1'),('sharedhealth-datasense-20150427-1411','sanjana','classpath:/db/changelog/db-changelog.xml','2015-05-19 16:07:30',30,'EXECUTED','7:b2a2b4e44dd9b3592a860e12b936f55d','addColumn (x6)','Adding created timestamp column to encounter tables',NULL,'3.1.1'),('sharedhealth-datasense-20150428-1111','utsab','classpath:/db/changelog/db-changelog.xml','2015-05-19 16:07:30',31,'EXECUTED','7:51548559f5ac331789f2c9b57a50d05f','addColumn','Adding metadata columns to concept table',NULL,'3.1.1'),('sharedhealth-datasense-20150428-1130','utsab','classpath:/db/changelog/db-changelog.xml','2015-05-19 16:07:30',32,'EXECUTED','7:16ba31d0cdc07ddab79fe7ae644be961','addColumn','Adding metadata columns to reference_term table',NULL,'3.1.1'),('sharedhealth-datasense-20150428-1133','utsab','classpath:/db/changelog/db-changelog.xml','2015-05-19 16:07:30',33,'EXECUTED','7:c9c9e6539497c3be384fab629f7bbdf6','addColumn','Adding metadata columns to drug table',NULL,'3.1.1'),('sharedhealth-datasense-20150428-1135','utsab','classpath:/db/changelog/db-changelog.xml','2015-05-19 16:07:30',34,'EXECUTED','7:ef44ecb142cf1202674b2bd392ca23ce','addColumn','Adding metadata column to reference_term_map table',NULL,'3.1.1'),('sharedhealth-datasense-20150428-1137','utsab','classpath:/db/changelog/db-changelog.xml','2015-05-19 16:07:30',35,'EXECUTED','7:11535df5dd33adf84a454fddf45f965d','addColumn','Adding metadata column to facility table',NULL,'3.1.1'),('sharedhealth-datasense-20150428-1138','utsab','classpath:/db/changelog/db-changelog.xml','2015-05-19 16:07:30',36,'EXECUTED','7:5854166d98468349e3dafb71c0550407','addColumn','Adding metadata column to location table',NULL,'3.1.1'),('sharedhealth-datasense-20150428-1139','utsab','classpath:/db/changelog/db-changelog.xml','2015-05-19 16:07:30',37,'EXECUTED','7:98cd259e7b8399c2cbdde6c969f8c6ae','addColumn','Adding metadata column to provider table',NULL,'3.1.1'),('sharedhealth-datasense-20150508-1900','angshu','classpath:/db/changelog/db-changelog.xml','2015-05-19 16:07:30',38,'EXECUTED','7:4995aa87d688daa9e2aef777b68cab02','modifyDataType','Change reference_term.name size to varchar 255',NULL,'3.1.1'),('sharedhealth-datasense-20150521-1550','sanjana','classpath:/db/changelog/db-changelog.xml','2015-05-21 16:24:01',39,'EXECUTED','7:f22e367ea4ac39a7b676fd4fa039dda1','modifyDataType','Change facility.type size to varchar 255',NULL,'3.1.1'),('sharedhealth-datasense-20150529-1205','angshu','classpath:/db/changelog/db-changelog.xml','2015-06-02 10:34:59',40,'EXECUTED','7:c4bc3f1d35ccf09558a450dd621378a6','createTable','creating mapping table for datasense report to dhis2 datasets',NULL,'3.3.0'),('sharedhealth-datasense-20150530-1253','angshu','classpath:/db/changelog/db-changelog.xml','2015-06-02 10:34:59',41,'EXECUTED','7:7533f5eb187ef7f47a1fe0fcf86168e2','createTable','creating mapping table for datasense facility to dhis2 org unit',NULL,'3.3.0');
/*!40000 ALTER TABLE `DATABASECHANGELOG` ENABLE KEYS */;
UNLOCK TABLES;

--
-- Table structure for table `DATABASECHANGELOGLOCK`
--

DROP TABLE IF EXISTS `DATABASECHANGELOGLOCK`;
/*!40101 SET @saved_cs_client     = @@character_set_client */;
/*!40101 SET character_set_client = utf8 */;
CREATE TABLE `DATABASECHANGELOGLOCK` (
  `ID` int(11) NOT NULL,
  `LOCKED` bit(1) NOT NULL,
  `LOCKGRANTED` datetime DEFAULT NULL,
  `LOCKEDBY` varchar(255) DEFAULT NULL,
  PRIMARY KEY (`ID`)
) ENGINE=InnoDB DEFAULT CHARSET=utf8;
/*!40101 SET character_set_client = @saved_cs_client */;

--
-- Dumping data for table `DATABASECHANGELOGLOCK`
--

LOCK TABLES `DATABASECHANGELOGLOCK` WRITE;
/*!40000 ALTER TABLE `DATABASECHANGELOGLOCK` DISABLE KEYS */;
INSERT INTO `DATABASECHANGELOGLOCK` VALUES (1,'\0',NULL,NULL);
/*!40000 ALTER TABLE `DATABASECHANGELOGLOCK` ENABLE KEYS */;
UNLOCK TABLES;

--
-- Table structure for table `QRTZ_BLOB_TRIGGERS`
--

DROP TABLE IF EXISTS `QRTZ_BLOB_TRIGGERS`;
/*!40101 SET @saved_cs_client     = @@character_set_client */;
/*!40101 SET character_set_client = utf8 */;
CREATE TABLE `QRTZ_BLOB_TRIGGERS` (
  `SCHED_NAME` varchar(120) NOT NULL,
  `TRIGGER_NAME` varchar(200) NOT NULL,
  `TRIGGER_GROUP` varchar(200) NOT NULL,
  `BLOB_DATA` blob,
  PRIMARY KEY (`SCHED_NAME`,`TRIGGER_NAME`,`TRIGGER_GROUP`),
  CONSTRAINT `QRTZ_BLOB_TRIGGERS_ibfk_1` FOREIGN KEY (`SCHED_NAME`, `TRIGGER_NAME`, `TRIGGER_GROUP`) REFERENCES `QRTZ_TRIGGERS` (`SCHED_NAME`, `TRIGGER_NAME`, `TRIGGER_GROUP`)
) ENGINE=InnoDB DEFAULT CHARSET=utf8;
/*!40101 SET character_set_client = @saved_cs_client */;

--
-- Dumping data for table `QRTZ_BLOB_TRIGGERS`
--

LOCK TABLES `QRTZ_BLOB_TRIGGERS` WRITE;
/*!40000 ALTER TABLE `QRTZ_BLOB_TRIGGERS` DISABLE KEYS */;
/*!40000 ALTER TABLE `QRTZ_BLOB_TRIGGERS` ENABLE KEYS */;
UNLOCK TABLES;

--
-- Table structure for table `QRTZ_CALENDARS`
--

DROP TABLE IF EXISTS `QRTZ_CALENDARS`;
/*!40101 SET @saved_cs_client     = @@character_set_client */;
/*!40101 SET character_set_client = utf8 */;
CREATE TABLE `QRTZ_CALENDARS` (
  `SCHED_NAME` varchar(120) NOT NULL,
  `CALENDAR_NAME` varchar(200) NOT NULL,
  `CALENDAR` blob NOT NULL,
  PRIMARY KEY (`SCHED_NAME`,`CALENDAR_NAME`)
) ENGINE=InnoDB DEFAULT CHARSET=utf8;
/*!40101 SET character_set_client = @saved_cs_client */;

--
-- Dumping data for table `QRTZ_CALENDARS`
--

LOCK TABLES `QRTZ_CALENDARS` WRITE;
/*!40000 ALTER TABLE `QRTZ_CALENDARS` DISABLE KEYS */;
/*!40000 ALTER TABLE `QRTZ_CALENDARS` ENABLE KEYS */;
UNLOCK TABLES;

--
-- Table structure for table `QRTZ_CRON_TRIGGERS`
--

DROP TABLE IF EXISTS `QRTZ_CRON_TRIGGERS`;
/*!40101 SET @saved_cs_client     = @@character_set_client */;
/*!40101 SET character_set_client = utf8 */;
CREATE TABLE `QRTZ_CRON_TRIGGERS` (
  `SCHED_NAME` varchar(120) NOT NULL,
  `TRIGGER_NAME` varchar(200) NOT NULL,
  `TRIGGER_GROUP` varchar(200) NOT NULL,
  `CRON_EXPRESSION` varchar(200) NOT NULL,
  `TIME_ZONE_ID` varchar(80) DEFAULT NULL,
  PRIMARY KEY (`SCHED_NAME`,`TRIGGER_NAME`,`TRIGGER_GROUP`),
  CONSTRAINT `QRTZ_CRON_TRIGGERS_ibfk_1` FOREIGN KEY (`SCHED_NAME`, `TRIGGER_NAME`, `TRIGGER_GROUP`) REFERENCES `QRTZ_TRIGGERS` (`SCHED_NAME`, `TRIGGER_NAME`, `TRIGGER_GROUP`)
) ENGINE=InnoDB DEFAULT CHARSET=utf8;
/*!40101 SET character_set_client = @saved_cs_client */;

--
-- Dumping data for table `QRTZ_CRON_TRIGGERS`
--

LOCK TABLES `QRTZ_CRON_TRIGGERS` WRITE;
/*!40000 ALTER TABLE `QRTZ_CRON_TRIGGERS` DISABLE KEYS */;
INSERT INTO `QRTZ_CRON_TRIGGERS` VALUES ('scheduler','dhis.daily.opdipd.post.job.trigger','DEFAULT','0 0/1 * * * ?','Asia/Calcutta'),('scheduler','dhis.monthly.colcoscopy.post.job.trigger','DEFAULT','0 0/1 * * * ?','Asia/Calcutta'),('scheduler','dhis.monthly.epi.infant.post.job.trigger','DEFAULT','0 0/1 * * * ?','Asia/Calcutta');
/*!40000 ALTER TABLE `QRTZ_CRON_TRIGGERS` ENABLE KEYS */;
UNLOCK TABLES;

--
-- Table structure for table `QRTZ_FIRED_TRIGGERS`
--

DROP TABLE IF EXISTS `QRTZ_FIRED_TRIGGERS`;
/*!40101 SET @saved_cs_client     = @@character_set_client */;
/*!40101 SET character_set_client = utf8 */;
CREATE TABLE `QRTZ_FIRED_TRIGGERS` (
  `SCHED_NAME` varchar(120) NOT NULL,
  `ENTRY_ID` varchar(95) NOT NULL,
  `TRIGGER_NAME` varchar(200) NOT NULL,
  `TRIGGER_GROUP` varchar(200) NOT NULL,
  `INSTANCE_NAME` varchar(200) NOT NULL,
  `FIRED_TIME` bigint(13) NOT NULL,
  `SCHED_TIME` bigint(13) NOT NULL,
  `PRIORITY` int(11) NOT NULL,
  `STATE` varchar(16) NOT NULL,
  `JOB_NAME` varchar(200) DEFAULT NULL,
  `JOB_GROUP` varchar(200) DEFAULT NULL,
  `IS_NONCONCURRENT` varchar(1) DEFAULT NULL,
  `REQUESTS_RECOVERY` varchar(1) DEFAULT NULL,
  PRIMARY KEY (`SCHED_NAME`,`ENTRY_ID`)
) ENGINE=InnoDB DEFAULT CHARSET=utf8;
/*!40101 SET character_set_client = @saved_cs_client */;

--
-- Dumping data for table `QRTZ_FIRED_TRIGGERS`
--

LOCK TABLES `QRTZ_FIRED_TRIGGERS` WRITE;
/*!40000 ALTER TABLE `QRTZ_FIRED_TRIGGERS` DISABLE KEYS */;
/*!40000 ALTER TABLE `QRTZ_FIRED_TRIGGERS` ENABLE KEYS */;
UNLOCK TABLES;

--
-- Table structure for table `QRTZ_JOB_DETAILS`
--

DROP TABLE IF EXISTS `QRTZ_JOB_DETAILS`;
/*!40101 SET @saved_cs_client     = @@character_set_client */;
/*!40101 SET character_set_client = utf8 */;
CREATE TABLE `QRTZ_JOB_DETAILS` (
  `SCHED_NAME` varchar(120) NOT NULL,
  `JOB_NAME` varchar(200) NOT NULL,
  `JOB_GROUP` varchar(200) NOT NULL,
  `DESCRIPTION` varchar(250) DEFAULT NULL,
  `JOB_CLASS_NAME` varchar(250) NOT NULL,
  `IS_DURABLE` varchar(1) NOT NULL,
  `IS_NONCONCURRENT` varchar(1) NOT NULL,
  `IS_UPDATE_DATA` varchar(1) NOT NULL,
  `REQUESTS_RECOVERY` varchar(1) NOT NULL,
  `JOB_DATA` blob,
  PRIMARY KEY (`SCHED_NAME`,`JOB_NAME`,`JOB_GROUP`)
) ENGINE=InnoDB DEFAULT CHARSET=utf8;
/*!40101 SET character_set_client = @saved_cs_client */;

--
-- Dumping data for table `QRTZ_JOB_DETAILS`
--

LOCK TABLES `QRTZ_JOB_DETAILS` WRITE;
/*!40000 ALTER TABLE `QRTZ_JOB_DETAILS` DISABLE KEYS */;
INSERT INTO `QRTZ_JOB_DETAILS` VALUES ('scheduler','dhis.daily.opdipd.post.job','DEFAULT',NULL,'org.sharedhealth.datasense.export.dhis.Jobs.DHISDailyOPDIPDPostJob','0','0','0','0','¬í\0sr\0org.quartz.JobDataMapŸ°ƒè¿©°Ë\0\0xr\0&org.quartz.utils.StringKeyDirtyFlagMap‚èÃûÅ](\0Z\0allowsTransientDataxr\0org.quartz.utils.DirtyFlagMapæ.­(v\nÎ\0Z\0dirtyL\0mapt\0Ljava/util/Map;xpsr\0java.util.HashMapÚÁÃ`Ñ\0F\0\nloadFactorI\0	thresholdxp?@\0\0\0\0\0w\0\0\0\0\0\0t\0\rreportingDatet\0-1x\0'),('scheduler','dhis.monthly.colcoscopy.post.job.trigger','DEFAULT',NULL,'org.sharedhealth.datasense.export.dhis.Jobs.DHISMonthlyColposcopyPostJob','0','0','0','0','¬í\0sr\0org.quartz.JobDataMapŸ°ƒè¿©°Ë\0\0xr\0&org.quartz.utils.StringKeyDirtyFlagMap‚èÃûÅ](\0Z\0allowsTransientDataxr\0org.quartz.utils.DirtyFlagMapæ.­(v\nÎ\0Z\0dirtyL\0mapt\0Ljava/util/Map;xpsr\0java.util.HashMapÚÁÃ`Ñ\0F\0\nloadFactorI\0	thresholdxp?@\0\0\0\0\0w\0\0\0\0\0\0t\0reportingMontht\0-1x\0'),('scheduler','dhis.monthly.epi.infant.post.job','DEFAULT',NULL,'org.sharedhealth.datasense.export.dhis.Jobs.DHISMonthlyEPIInfantPostJob','0','0','0','0','¬í\0sr\0org.quartz.JobDataMapŸ°ƒè¿©°Ë\0\0xr\0&org.quartz.utils.StringKeyDirtyFlagMap‚èÃûÅ](\0Z\0allowsTransientDataxr\0org.quartz.utils.DirtyFlagMapæ.­(v\nÎ\0Z\0dirtyL\0mapt\0Ljava/util/Map;xpsr\0java.util.HashMapÚÁÃ`Ñ\0F\0\nloadFactorI\0	thresholdxp?@\0\0\0\0\0w\0\0\0\0\0\0t\0reportingMontht\0-1x\0');
/*!40000 ALTER TABLE `QRTZ_JOB_DETAILS` ENABLE KEYS */;
UNLOCK TABLES;

--
-- Table structure for table `QRTZ_LOCKS`
--

DROP TABLE IF EXISTS `QRTZ_LOCKS`;
/*!40101 SET @saved_cs_client     = @@character_set_client */;
/*!40101 SET character_set_client = utf8 */;
CREATE TABLE `QRTZ_LOCKS` (
  `SCHED_NAME` varchar(120) NOT NULL,
  `LOCK_NAME` varchar(40) NOT NULL,
  PRIMARY KEY (`SCHED_NAME`,`LOCK_NAME`)
) ENGINE=InnoDB DEFAULT CHARSET=utf8;
/*!40101 SET character_set_client = @saved_cs_client */;

--
-- Dumping data for table `QRTZ_LOCKS`
--

LOCK TABLES `QRTZ_LOCKS` WRITE;
/*!40000 ALTER TABLE `QRTZ_LOCKS` DISABLE KEYS */;
INSERT INTO `QRTZ_LOCKS` VALUES ('scheduler','TRIGGER_ACCESS');
/*!40000 ALTER TABLE `QRTZ_LOCKS` ENABLE KEYS */;
UNLOCK TABLES;

--
-- Table structure for table `QRTZ_PAUSED_TRIGGER_GRPS`
--

DROP TABLE IF EXISTS `QRTZ_PAUSED_TRIGGER_GRPS`;
/*!40101 SET @saved_cs_client     = @@character_set_client */;
/*!40101 SET character_set_client = utf8 */;
CREATE TABLE `QRTZ_PAUSED_TRIGGER_GRPS` (
  `SCHED_NAME` varchar(120) NOT NULL,
  `TRIGGER_GROUP` varchar(200) NOT NULL,
  PRIMARY KEY (`SCHED_NAME`,`TRIGGER_GROUP`)
) ENGINE=InnoDB DEFAULT CHARSET=utf8;
/*!40101 SET character_set_client = @saved_cs_client */;

--
-- Dumping data for table `QRTZ_PAUSED_TRIGGER_GRPS`
--

LOCK TABLES `QRTZ_PAUSED_TRIGGER_GRPS` WRITE;
/*!40000 ALTER TABLE `QRTZ_PAUSED_TRIGGER_GRPS` DISABLE KEYS */;
/*!40000 ALTER TABLE `QRTZ_PAUSED_TRIGGER_GRPS` ENABLE KEYS */;
UNLOCK TABLES;

--
-- Table structure for table `QRTZ_SCHEDULER_STATE`
--

DROP TABLE IF EXISTS `QRTZ_SCHEDULER_STATE`;
/*!40101 SET @saved_cs_client     = @@character_set_client */;
/*!40101 SET character_set_client = utf8 */;
CREATE TABLE `QRTZ_SCHEDULER_STATE` (
  `SCHED_NAME` varchar(120) NOT NULL,
  `INSTANCE_NAME` varchar(200) NOT NULL,
  `LAST_CHECKIN_TIME` bigint(13) NOT NULL,
  `CHECKIN_INTERVAL` bigint(13) NOT NULL,
  PRIMARY KEY (`SCHED_NAME`,`INSTANCE_NAME`)
) ENGINE=InnoDB DEFAULT CHARSET=utf8;
/*!40101 SET character_set_client = @saved_cs_client */;

--
-- Dumping data for table `QRTZ_SCHEDULER_STATE`
--

LOCK TABLES `QRTZ_SCHEDULER_STATE` WRITE;
/*!40000 ALTER TABLE `QRTZ_SCHEDULER_STATE` DISABLE KEYS */;
/*!40000 ALTER TABLE `QRTZ_SCHEDULER_STATE` ENABLE KEYS */;
UNLOCK TABLES;

--
-- Table structure for table `QRTZ_SIMPLE_TRIGGERS`
--

DROP TABLE IF EXISTS `QRTZ_SIMPLE_TRIGGERS`;
/*!40101 SET @saved_cs_client     = @@character_set_client */;
/*!40101 SET character_set_client = utf8 */;
CREATE TABLE `QRTZ_SIMPLE_TRIGGERS` (
  `SCHED_NAME` varchar(120) NOT NULL,
  `TRIGGER_NAME` varchar(200) NOT NULL,
  `TRIGGER_GROUP` varchar(200) NOT NULL,
  `REPEAT_COUNT` bigint(7) NOT NULL,
  `REPEAT_INTERVAL` bigint(12) NOT NULL,
  `TIMES_TRIGGERED` bigint(10) NOT NULL,
  PRIMARY KEY (`SCHED_NAME`,`TRIGGER_NAME`,`TRIGGER_GROUP`),
  CONSTRAINT `QRTZ_SIMPLE_TRIGGERS_ibfk_1` FOREIGN KEY (`SCHED_NAME`, `TRIGGER_NAME`, `TRIGGER_GROUP`) REFERENCES `QRTZ_TRIGGERS` (`SCHED_NAME`, `TRIGGER_NAME`, `TRIGGER_GROUP`)
) ENGINE=InnoDB DEFAULT CHARSET=utf8;
/*!40101 SET character_set_client = @saved_cs_client */;

--
-- Dumping data for table `QRTZ_SIMPLE_TRIGGERS`
--

LOCK TABLES `QRTZ_SIMPLE_TRIGGERS` WRITE;
/*!40000 ALTER TABLE `QRTZ_SIMPLE_TRIGGERS` DISABLE KEYS */;
/*!40000 ALTER TABLE `QRTZ_SIMPLE_TRIGGERS` ENABLE KEYS */;
UNLOCK TABLES;

--
-- Table structure for table `QRTZ_SIMPROP_TRIGGERS`
--

DROP TABLE IF EXISTS `QRTZ_SIMPROP_TRIGGERS`;
/*!40101 SET @saved_cs_client     = @@character_set_client */;
/*!40101 SET character_set_client = utf8 */;
CREATE TABLE `QRTZ_SIMPROP_TRIGGERS` (
  `SCHED_NAME` varchar(120) NOT NULL,
  `TRIGGER_NAME` varchar(200) NOT NULL,
  `TRIGGER_GROUP` varchar(200) NOT NULL,
  `STR_PROP_1` varchar(512) DEFAULT NULL,
  `STR_PROP_2` varchar(512) DEFAULT NULL,
  `STR_PROP_3` varchar(512) DEFAULT NULL,
  `INT_PROP_1` int(11) DEFAULT NULL,
  `INT_PROP_2` int(11) DEFAULT NULL,
  `LONG_PROP_1` bigint(20) DEFAULT NULL,
  `LONG_PROP_2` bigint(20) DEFAULT NULL,
  `DEC_PROP_1` decimal(13,4) DEFAULT NULL,
  `DEC_PROP_2` decimal(13,4) DEFAULT NULL,
  `BOOL_PROP_1` varchar(1) DEFAULT NULL,
  `BOOL_PROP_2` varchar(1) DEFAULT NULL,
  PRIMARY KEY (`SCHED_NAME`,`TRIGGER_NAME`,`TRIGGER_GROUP`),
  CONSTRAINT `QRTZ_SIMPROP_TRIGGERS_ibfk_1` FOREIGN KEY (`SCHED_NAME`, `TRIGGER_NAME`, `TRIGGER_GROUP`) REFERENCES `QRTZ_TRIGGERS` (`SCHED_NAME`, `TRIGGER_NAME`, `TRIGGER_GROUP`)
) ENGINE=InnoDB DEFAULT CHARSET=utf8;
/*!40101 SET character_set_client = @saved_cs_client */;

--
-- Dumping data for table `QRTZ_SIMPROP_TRIGGERS`
--

LOCK TABLES `QRTZ_SIMPROP_TRIGGERS` WRITE;
/*!40000 ALTER TABLE `QRTZ_SIMPROP_TRIGGERS` DISABLE KEYS */;
/*!40000 ALTER TABLE `QRTZ_SIMPROP_TRIGGERS` ENABLE KEYS */;
UNLOCK TABLES;

--
-- Table structure for table `QRTZ_TRIGGERS`
--

DROP TABLE IF EXISTS `QRTZ_TRIGGERS`;
/*!40101 SET @saved_cs_client     = @@character_set_client */;
/*!40101 SET character_set_client = utf8 */;
CREATE TABLE `QRTZ_TRIGGERS` (
  `SCHED_NAME` varchar(120) NOT NULL,
  `TRIGGER_NAME` varchar(200) NOT NULL,
  `TRIGGER_GROUP` varchar(200) NOT NULL,
  `JOB_NAME` varchar(200) NOT NULL,
  `JOB_GROUP` varchar(200) NOT NULL,
  `DESCRIPTION` varchar(250) DEFAULT NULL,
  `NEXT_FIRE_TIME` bigint(13) DEFAULT NULL,
  `PREV_FIRE_TIME` bigint(13) DEFAULT NULL,
  `PRIORITY` int(11) DEFAULT NULL,
  `TRIGGER_STATE` varchar(16) NOT NULL,
  `TRIGGER_TYPE` varchar(8) NOT NULL,
  `START_TIME` bigint(13) NOT NULL,
  `END_TIME` bigint(13) DEFAULT NULL,
  `CALENDAR_NAME` varchar(200) DEFAULT NULL,
  `MISFIRE_INSTR` smallint(2) DEFAULT NULL,
  `JOB_DATA` blob,
  PRIMARY KEY (`SCHED_NAME`,`TRIGGER_NAME`,`TRIGGER_GROUP`),
  KEY `SCHED_NAME` (`SCHED_NAME`,`JOB_NAME`,`JOB_GROUP`),
  CONSTRAINT `QRTZ_TRIGGERS_ibfk_1` FOREIGN KEY (`SCHED_NAME`, `JOB_NAME`, `JOB_GROUP`) REFERENCES `QRTZ_JOB_DETAILS` (`SCHED_NAME`, `JOB_NAME`, `JOB_GROUP`)
) ENGINE=InnoDB DEFAULT CHARSET=utf8;
/*!40101 SET character_set_client = @saved_cs_client */;

--
-- Dumping data for table `QRTZ_TRIGGERS`
--

LOCK TABLES `QRTZ_TRIGGERS` WRITE;
/*!40000 ALTER TABLE `QRTZ_TRIGGERS` DISABLE KEYS */;
INSERT INTO `QRTZ_TRIGGERS` VALUES ('scheduler','dhis.daily.opdipd.post.job.trigger','DEFAULT','dhis.daily.opdipd.post.job','DEFAULT',NULL,1433323560000,1433323500000,0,'WAITING','CRON',1432031861000,0,NULL,0,''),('scheduler','dhis.monthly.colcoscopy.post.job.trigger','DEFAULT','dhis.monthly.colcoscopy.post.job.trigger','DEFAULT',NULL,1433323560000,1433323500000,0,'WAITING','CRON',1432031861000,0,NULL,0,''),('scheduler','dhis.monthly.epi.infant.post.job.trigger','DEFAULT','dhis.monthly.epi.infant.post.job','DEFAULT',NULL,1433323560000,1433323500000,0,'WAITING','CRON',1432031861000,0,NULL,0,'');
/*!40000 ALTER TABLE `QRTZ_TRIGGERS` ENABLE KEYS */;
UNLOCK TABLES;

--
-- Table structure for table `aqs_task`
--

DROP TABLE IF EXISTS `aqs_task`;
/*!40101 SET @saved_cs_client     = @@character_set_client */;
/*!40101 SET character_set_client = utf8 */;
CREATE TABLE `aqs_task` (
  `aqs_task_id` bigint(20) NOT NULL AUTO_INCREMENT,
  `aqs_config_path` varchar(1024) NOT NULL,
  `task_status` varchar(255) NOT NULL,
  `date_created` datetime NOT NULL,
  `results` text,
  `input_parameters` text,
  `query_config` text,
  PRIMARY KEY (`aqs_task_id`)
) ENGINE=InnoDB DEFAULT CHARSET=utf8;
/*!40101 SET character_set_client = @saved_cs_client */;

--
-- Dumping data for table `aqs_task`
--

LOCK TABLES `aqs_task` WRITE;
/*!40000 ALTER TABLE `aqs_task` DISABLE KEYS */;
/*!40000 ALTER TABLE `aqs_task` ENABLE KEYS */;
UNLOCK TABLES;

--
-- Table structure for table `concept`
--

DROP TABLE IF EXISTS `concept`;
/*!40101 SET @saved_cs_client     = @@character_set_client */;
/*!40101 SET character_set_client = utf8 */;
CREATE TABLE `concept` (
  `concept_uuid` varchar(50) NOT NULL,
  `name` varchar(255) DEFAULT NULL,
  `class` varchar(50) DEFAULT NULL,
  `created_at` datetime DEFAULT CURRENT_TIMESTAMP,
  `updated_at` datetime DEFAULT CURRENT_TIMESTAMP,
  PRIMARY KEY (`concept_uuid`)
) ENGINE=InnoDB DEFAULT CHARSET=utf8;
/*!40101 SET character_set_client = @saved_cs_client */;

--
-- Dumping data for table `concept`
--

LOCK TABLES `concept` WRITE;
/*!40000 ALTER TABLE `concept` DISABLE KEYS */;
INSERT INTO `concept` VALUES ('10ae702e-e109-4d64-b0e3-ee914b30916b','con3w','Anatomy','2015-06-02 10:35:32','2015-06-02 10:35:33'),('1507d8df-93d4-473f-88fc-44de3f579abd','Colposcopy','Procedure','2015-05-21 17:16:40','2015-05-21 17:16:40'),('15eb8503-9b25-4817-a305-ca9ab51c687e','conSF1','Symptom/Finding','2015-06-02 10:35:32','2015-06-02 10:35:32'),('1bcde335-1b48-4931-b120-ce4da2a7f3a1','con2','Symptom/Finding','2015-06-02 10:35:32','2015-06-02 10:35:33'),('1f836ddb-9f3f-4dc2-8fc3-8cac9225d6f2','Pain in throat and chest','Finding','2015-06-03 14:06:11','2015-06-03 14:06:11'),('20db83f1-e9d7-434e-9cb5-d3467fc168de','doubleS','Symptom','2015-06-02 10:35:31','2015-06-02 10:35:32'),('20f87108-44bf-4bb8-9aa7-fe2bdf0a7fd8','Systolic Blood Pressure','Misc','2015-05-21 14:20:55','2015-05-21 14:20:55'),('281158ec-2183-42ef-8cc4-6374045de724','Fever - Malaria','Misc','2015-05-21 17:18:40','2015-05-21 17:18:40'),('2eb0d19b-d023-4dde-8b36-d8255e8eb180','Superficial injury of shoulder and upper arm','Diagnosis','2015-06-03 14:04:40','2015-06-03 14:04:40'),('39fbe504-19aa-4b5a-b77b-7b2dd56ef7de','conSF2','Symptom/Finding','2015-06-02 10:35:32','2015-06-02 10:35:32'),('676ffceb-dac1-4caa-b76d-be1e6816094e','Fracture in upper arm','Diagnosis','2015-06-03 14:05:40','2015-06-03 14:05:40'),('6d54d37a-a30a-4f67-b9bd-c9dc51fcd4f1','con1','Finding','2015-06-02 10:35:32','2015-06-02 10:35:33'),('6ed2dcdf-fded-11e4-8e63-0050568276cf','Templates','ConvSet','2015-05-19 16:08:01','2015-05-19 16:08:01'),('6ed85e03-fded-11e4-8e63-0050568276cf','Death Note','ConvSet','2015-05-19 16:08:01','2015-05-19 16:08:04'),('6ed9c175-fded-11e4-8e63-0050568276cf','Date of death','Question','2015-05-19 16:08:02','2015-05-19 16:08:02'),('6ed9eda6-fded-11e4-8e63-0050568276cf','Cause of Death','Misc','2015-05-19 16:08:02','2015-05-19 16:08:02'),('6eda6175-fded-11e4-8e63-0050568276cf','Circumstances of Death','Question','2015-05-19 16:08:02','2015-05-19 16:08:02'),('6ee70334-fded-11e4-8e63-0050568276cf','Units of Time','Valueset','2015-05-19 16:08:02','2015-05-19 16:08:02'),('6ee732cd-fded-11e4-8e63-0050568276cf','second','Misc','2015-05-19 16:08:02','2015-05-19 16:08:02'),('6ee75d77-fded-11e4-8e63-0050568276cf','minute','Misc','2015-05-19 16:08:02','2015-05-19 16:08:02'),('6ee910b7-fded-11e4-8e63-0050568276cf','hour','Misc','2015-05-19 16:08:02','2015-05-19 16:08:02'),('6ee93c84-fded-11e4-8e63-0050568276cf','day','Misc','2015-05-19 16:08:02','2015-05-19 16:08:02'),('6ee9671c-fded-11e4-8e63-0050568276cf','week','Misc','2015-05-19 16:08:02','2015-05-19 16:08:02'),('6ee9918f-fded-11e4-8e63-0050568276cf','month','Misc','2015-05-19 16:08:02','2015-05-19 16:08:02'),('6ee9dbd3-fded-11e4-8e63-0050568276cf','year','Misc','2015-05-19 16:08:02','2015-05-19 16:08:02'),('6efccfe6-fded-11e4-8e63-0050568276cf','Quantity Units','Valueset','2015-05-19 16:08:02','2015-05-19 16:08:02'),('6efcff1c-fded-11e4-8e63-0050568276cf','gram','Misc','2015-05-19 16:08:02','2015-05-19 16:08:02'),('6efd37d3-fded-11e4-8e63-0050568276cf','milligram','Misc','2015-05-19 16:08:02','2015-05-19 16:08:02'),('6efdbb8e-fded-11e4-8e63-0050568276cf','microgram','Misc','2015-05-19 16:08:02','2015-05-19 16:08:02'),('6efe119c-fded-11e4-8e63-0050568276cf','unit','Misc','2015-05-19 16:08:02','2015-05-19 16:08:02'),('6efe3c51-fded-11e4-8e63-0050568276cf','thousand units','Misc','2015-05-19 16:08:02','2015-05-19 16:08:02'),('6efecbf4-fded-11e4-8e63-0050568276cf','million units','Misc','2015-05-19 16:08:03','2015-05-19 16:08:03'),('6eff43db-fded-11e4-8e63-0050568276cf','millimole','Misc','2015-05-19 16:08:03','2015-05-19 16:08:03'),('6eff6f0f-fded-11e4-8e63-0050568276cf','millilitre','Misc','2015-05-19 16:08:03','2015-05-19 16:08:03'),('6f0908a4-fded-11e4-8e63-0050568276cf','Route of Administration','Valueset','2015-05-19 16:08:03','2015-05-19 16:08:03'),('6f0a3a62-fded-11e4-8e63-0050568276cf','implant','Misc','2015-05-19 16:08:03','2015-05-19 16:08:03'),('6f0e8ae4-fded-11e4-8e63-0050568276cf','Travel vaccinations','Misc','2015-05-19 16:08:03','2015-05-19 16:08:03'),('6f101e3f-fded-11e4-8e63-0050568276cf','Immunization Reason','Valueset','2015-05-19 16:08:03','2015-05-19 16:08:03'),('6f13dd15-fded-11e4-8e63-0050568276cf','patient objection','Misc','2015-05-19 16:08:03','2015-05-19 16:08:03'),('6f151f40-fded-11e4-8e63-0050568276cf','No Immunization Reason','Valueset','2015-05-19 16:08:03','2015-05-19 16:08:03'),('6f1c8ddd-fded-11e4-8e63-0050568276cf','Place of Death','Misc','2015-05-19 16:08:03','2015-05-19 16:08:03'),('6f20bc51-fded-11e4-8e63-0050568276cf','Relationship Type','Valueset','2015-05-19 16:08:04','2015-05-19 16:08:04'),('6f211f56-fded-11e4-8e63-0050568276cf','father','Misc','2015-05-19 16:08:04','2015-05-19 16:08:04'),('6f227dee-fded-11e4-8e63-0050568276cf','mother','Misc','2015-05-19 16:08:04','2015-05-19 16:08:04'),('6f238f82-fded-11e4-8e63-0050568276cf','child','Misc','2015-05-19 16:08:04','2015-05-19 16:08:04'),('6f245153-fded-11e4-8e63-0050568276cf','spouse','Misc','2015-05-19 16:08:04','2015-05-19 16:08:04'),('6f258b6a-fded-11e4-8e63-0050568276cf','sibling','Misc','2015-05-19 16:08:04','2015-05-19 16:08:04'),('6f2643ac-fded-11e4-8e63-0050568276cf','family member','Misc','2015-05-19 16:08:04','2015-05-19 16:08:04'),('6f2a6f59-fded-11e4-8e63-0050568276cf','Encounter Type','Valueset','2015-05-19 16:08:04','2015-05-19 16:08:05'),('6f2b3218-fded-11e4-8e63-0050568276cf','Registration','Misc','2015-05-19 16:08:04','2015-05-19 16:08:04'),('6f2cb7da-fded-11e4-8e63-0050568276cf','Outpatient','Misc','2015-05-19 16:08:04','2015-05-19 16:08:04'),('6f2da48e-fded-11e4-8e63-0050568276cf','Inpatient','Misc','2015-05-19 16:08:04','2015-05-19 16:08:04'),('6f2f223b-fded-11e4-8e63-0050568276cf','Emergency','Misc','2015-05-19 16:08:04','2015-05-19 16:08:04'),('6f330987-fded-11e4-8e63-0050568276cf','Field','Misc','2015-05-19 16:08:05','2015-05-19 16:08:05'),('6f382ba3-fded-11e4-8e63-0050568276cf','Unspecified cause of death','Misc','2015-05-19 16:08:05','2015-05-19 16:08:05'),('73a2f7b2-c06f-4e66-8285-12cffc9268ba','Pulse','Misc','2015-05-21 14:23:26','2015-05-21 14:23:26'),('744f0c8f-a43f-4f3b-a60b-65f92a18d47f','con3','Symptom/Finding','2015-06-02 10:35:32','2015-06-02 10:35:32'),('7f370676-99c4-4366-9627-94287d4500e1','newMi','Misc','2015-05-28 15:42:24','2015-05-28 15:47:56'),('83e45af7-0ae4-4852-b169-d666c4cbd315','Dyspepsia','Symptom/Finding','2015-06-02 10:35:32','2015-06-02 10:35:33'),('87a05fe8-c0ea-4c60-9358-315a4bdafbea','Weight (kg)','Test','2015-05-27 20:40:05','2015-05-27 20:40:05'),('8e8d1b14-256e-45b7-ac4c-3311548c0b9b','BCG','Drug','2015-05-21 17:12:39','2015-05-21 17:13:40'),('a54e0d74-651b-43be-90f7-adfbd19072b5','Other chest pain','Symptom','2015-06-03 14:07:11','2015-06-03 14:07:11'),('bcda4875-8f8b-4821-9ed6-d84c1d81623b','Diastolic blood pressure','Misc','2015-05-21 14:21:55','2015-05-21 14:21:55'),('c47a541e-bc89-4ce6-aaf4-2ab6fe13a79f','newS','Misc','2015-06-02 10:35:31','2015-06-02 10:35:31'),('c7d3e13a-5aa9-45cb-8410-bc2329360f51','newSF','Symptom/Finding','2015-05-28 15:39:24','2015-05-28 15:39:24'),('e50aad90-68af-4a56-87d5-5556b4812e6e','Sym/Find','Symptom/Finding','2015-05-28 12:06:21','2015-05-28 12:06:21'),('eb61dca7-a193-4c2d-8b68-26cf708a8af7','miscToSym/find','Symptom','2015-05-28 12:08:21','2015-05-28 12:35:26'),('fb3b0d8d-ea62-4933-8ac1-e213551cdafb','newm','Symptom','2015-05-28 15:50:26','2015-05-28 15:51:57'),('fe3ff9da-d8e6-441a-b1a2-da0174812c99','Temperature','Misc','2015-05-21 14:23:56','2015-05-21 14:23:56'),('fe7640fc-1deb-41cf-8d7d-93572aed85a3','conSF','Symptom/Finding','2015-06-02 10:35:32','2015-06-02 10:35:32');
/*!40000 ALTER TABLE `concept` ENABLE KEYS */;
UNLOCK TABLES;

--
-- Table structure for table `dhis_dataset_map`
--

DROP TABLE IF EXISTS `dhis_dataset_map`;
/*!40101 SET @saved_cs_client     = @@character_set_client */;
/*!40101 SET character_set_client = utf8 */;
CREATE TABLE `dhis_dataset_map` (
  `id` int(11) NOT NULL AUTO_INCREMENT,
  `name` varchar(255) DEFAULT NULL,
  `config_file` varchar(255) DEFAULT NULL,
  `dataset_id` varchar(20) DEFAULT NULL,
  `dataset_name` varchar(255) DEFAULT NULL,
  `date_created` datetime DEFAULT CURRENT_TIMESTAMP,
  PRIMARY KEY (`id`)
) ENGINE=InnoDB AUTO_INCREMENT=4 DEFAULT CHARSET=utf8;
/*!40101 SET character_set_client = @saved_cs_client */;

--
-- Dumping data for table `dhis_dataset_map`
--

LOCK TABLES `dhis_dataset_map` WRITE;
/*!40000 ALTER TABLE `dhis_dataset_map` DISABLE KEYS */;
INSERT INTO `dhis_dataset_map` VALUES (3,'monthly_epi_infant_report','monthly_epi_infant_report.json','yChWWiTkK6i','EPI Infant and Women Data Set (Form-1&2)','2015-06-02 10:56:17');
/*!40000 ALTER TABLE `dhis_dataset_map` ENABLE KEYS */;
UNLOCK TABLES;

--
-- Table structure for table `dhis_orgunit_map`
--

DROP TABLE IF EXISTS `dhis_orgunit_map`;
/*!40101 SET @saved_cs_client     = @@character_set_client */;
/*!40101 SET character_set_client = utf8 */;
CREATE TABLE `dhis_orgunit_map` (
  `id` int(11) NOT NULL AUTO_INCREMENT,
  `facility_id` varchar(20) DEFAULT NULL,
  `org_unit_id` varchar(20) DEFAULT NULL,
  `org_unit_name` varchar(255) DEFAULT NULL,
  `date_created` datetime DEFAULT CURRENT_TIMESTAMP,
  PRIMARY KEY (`id`)
) ENGINE=InnoDB AUTO_INCREMENT=2 DEFAULT CHARSET=utf8;
/*!40101 SET character_set_client = @saved_cs_client */;

--
-- Dumping data for table `dhis_orgunit_map`
--

LOCK TABLES `dhis_orgunit_map` WRITE;
/*!40000 ALTER TABLE `dhis_orgunit_map` DISABLE KEYS */;
INSERT INTO `dhis_orgunit_map` VALUES (1,'10000069','nRm6mKjJsaE','Dohar UHC','2015-06-02 10:51:58');
/*!40000 ALTER TABLE `dhis_orgunit_map` ENABLE KEYS */;
UNLOCK TABLES;

--
-- Table structure for table `diagnosis`
--

DROP TABLE IF EXISTS `diagnosis`;
/*!40101 SET @saved_cs_client     = @@character_set_client */;
/*!40101 SET character_set_client = utf8 */;
CREATE TABLE `diagnosis` (
  `diagnosis_id` int(11) NOT NULL AUTO_INCREMENT,
  `patient_hid` varchar(20) DEFAULT NULL,
  `encounter_id` varchar(50) DEFAULT NULL,
  `diagnosis_datetime` datetime DEFAULT NULL,
  `diagnosis_code` varchar(10) DEFAULT NULL,
  `diagnosis_concept_id` varchar(50) DEFAULT NULL,
  `diagnosis_status` varchar(20) DEFAULT NULL,
  `uuid` varchar(50) NOT NULL,
  `created_at` timestamp NULL DEFAULT CURRENT_TIMESTAMP,
  PRIMARY KEY (`diagnosis_id`),
  UNIQUE KEY `uuid` (`uuid`)
) ENGINE=InnoDB AUTO_INCREMENT=338 DEFAULT CHARSET=utf8;
/*!40101 SET character_set_client = @saved_cs_client */;

--
-- Dumping data for table `diagnosis`
--

LOCK TABLES `diagnosis` WRITE;
/*!40000 ALTER TABLE `diagnosis` DISABLE KEYS */;
INSERT INTO `diagnosis` VALUES (1,'98413305924','c5ecb416-b4b8-4e3d-823b-d494deeeedd2','2015-05-20 11:27:52',NULL,NULL,'confirmed','d477cfbd-ad72-4393-b675-32d578d8892d','2015-05-20 05:58:34'),(2,'98413306872','f3045ef9-0f94-4ebd-9fdb-f3d49b198535','2015-05-20 11:27:54',NULL,NULL,'confirmed','f2ab41db-d3d2-4116-95df-6f6a8686b516','2015-05-20 05:58:34'),(3,'98413306674','068ab0de-2b71-4c15-8c70-7d2f1813b423','2015-05-20 11:27:56',NULL,NULL,'confirmed','7f8ece98-1099-49e4-903e-1c9c843a6bd0','2015-05-20 05:58:34'),(4,'98413306674','4bf0166f-8434-41a1-b48d-d573dfb5500f','2015-05-20 11:27:56',NULL,NULL,'confirmed','4e6004ee-3bc5-43fb-9bba-e3cd6f277116','2015-05-20 05:58:34'),(5,'98413306658','08ddf767-fdc4-4f22-a346-74e7c4a29ba1','2015-05-20 11:27:57',NULL,NULL,'confirmed','c6cd1acd-9002-43bf-b5b5-b0495a199e44','2015-05-20 05:58:34'),(6,'98413306195','1cf733af-a2f3-49c5-9636-cdc3c6448313','2015-05-20 11:27:58',NULL,NULL,'confirmed','7571464f-e09d-458c-b52a-3a70262c0bfd','2015-05-20 05:58:34'),(7,'98413306195','b5841f7d-d06a-4177-b8ea-c5d581ce8535','2015-05-20 11:27:58',NULL,NULL,'confirmed','9862ed4e-4562-4309-b829-cd8c99c96cea','2015-05-20 05:58:34'),(8,'98413306443','be5c65c9-92b0-4a80-b4a8-0983d877e0a1','2015-05-20 11:28:01',NULL,NULL,'confirmed','fa7db9ad-63d4-47a1-b1e3-ddc04fa7aff5','2015-05-20 05:58:45'),(9,'98413306245','cd37cbcd-b87c-443e-963d-40824ab6793f','2015-05-20 11:28:02',NULL,NULL,'confirmed','c2b53b2d-0b86-404e-a324-9eeda10b00ef','2015-05-20 05:58:45'),(10,'98413306245','0869f84b-6918-4141-8fab-c743119905ea','2015-05-20 11:28:02',NULL,NULL,'confirmed','764b29bb-4c51-4aee-89b6-768bfa61360a','2015-05-20 05:58:45'),(11,'98413306450','88383903-a28f-4a03-b11b-29787603fa8c','2015-05-20 11:28:03',NULL,NULL,'confirmed','cc6a0ed8-ab5e-4938-8208-53fef15ed365','2015-05-20 05:58:45'),(12,'98413306450','032d0aae-8d69-4df2-a950-37cb1091f9ab','2015-05-20 11:28:03',NULL,NULL,'confirmed','2c983926-ae79-486a-a7cf-ccd0863099ad','2015-05-20 05:58:45'),(13,'98413316400','bbcaba80-f068-492f-95a6-cbe5ef3f04a7','2015-05-20 11:29:02',NULL,NULL,'confirmed','a3ec3cbd-8c50-4b51-8646-9de5f562d015','2015-05-20 05:59:44'),(14,'98413316517','fa657fa9-1025-4c6d-8d48-d63359d1a899','2015-05-20 11:29:03',NULL,NULL,'confirmed','28a7911e-dcef-4878-a416-a155ce3aa3bc','2015-05-20 05:59:44'),(15,'98413316517','c94448a4-9ed5-47dc-88da-c243ba75fa23','2015-05-20 11:29:03',NULL,NULL,'confirmed','9925f23b-8a79-4f50-a4a1-3be3669e4c7c','2015-05-20 05:59:44'),(16,'98413316616','df22e633-ca0c-4d9f-a36a-7dbcc6993606','2015-05-20 11:29:03',NULL,NULL,'confirmed','e0e7acc6-97b0-4a92-82dc-c75703876e3c','2015-05-20 05:59:44'),(17,'98413316384','43fb78dd-60ae-4f32-9300-01ec3be0fb01','2015-05-20 11:29:04',NULL,NULL,'confirmed','7a3466d4-e9ac-4469-80fa-9a6477eb8112','2015-05-20 05:59:44'),(18,'98413316384','c0c120f4-cd38-48b6-bbc7-937451290df9','2015-05-20 11:29:04',NULL,NULL,'confirmed','6854b62a-8e1e-45b0-bcf7-1a20b035c35d','2015-05-20 05:59:44'),(19,'11569149358','c7f27515-0d27-4a36-9ae4-62c2788e5ed7','2015-05-20 11:29:07',NULL,NULL,'confirmed','611a7274-9251-447e-bfe0-0f8b8627f228','2015-05-20 05:59:44'),(20,'11569128243','d61eec68-92bf-4af6-b171-1726f0757ca7','2015-05-20 11:29:08',NULL,NULL,'confirmed','861f9f06-d095-46c4-8ec0-b14bd9d4b595','2015-05-20 05:59:44'),(21,'98413316103','ab116112-97f7-435d-b69a-2fa7ba79366a','2015-05-20 11:29:10',NULL,NULL,'confirmed','9f260f67-cf98-41af-983c-97f699187cbf','2015-05-20 05:59:44'),(22,'98413315949','2f66018f-7f81-4d5c-97af-a089d0bede12','2015-05-20 11:29:10',NULL,NULL,'confirmed','61aaccd1-cc95-4f48-99ef-787bd22c1e7b','2015-05-20 05:59:59'),(23,'98413315949','789a9251-2004-47f7-afcd-e032ac8ce5e1','2015-05-20 11:29:10',NULL,NULL,'confirmed','7ed69a7f-5f1e-4516-8e1b-9775c7cb98fa','2015-05-20 05:59:59'),(24,'98413316442','3fa5891e-7614-402c-8e7d-814c8a14f420','2015-05-20 11:29:11',NULL,NULL,'confirmed','c02f2a16-9ea8-4841-97ff-971b4b997621','2015-05-20 05:59:59'),(25,'98413315857','e2485f22-29a9-4796-b91f-53633a94c208','2015-05-20 11:29:11',NULL,NULL,'confirmed','257564de-103a-46d3-a346-1b9f79f6c7ba','2015-05-20 05:59:59'),(26,'98413315857','e77cff0f-a76b-4fe8-acf3-8087d58fec50','2015-05-20 11:29:11',NULL,NULL,'confirmed','e0124d4e-e84b-414c-ae51-0c2364acc5b8','2015-05-20 05:59:59'),(27,'98413316210','14516245-bed2-465c-bc1a-ec336d00e85a','2015-05-20 11:29:12',NULL,NULL,'confirmed','55a38751-7988-4e43-836c-e6d8238ff0dc','2015-05-20 05:59:59'),(28,'98413316558','40c75aa8-5e1e-49a8-86d2-2e521fba9e38','2015-05-20 11:29:13',NULL,NULL,'confirmed','1d4fb66d-b300-44ea-b508-41f0436dbeb1','2015-05-20 05:59:59'),(29,'98413316806','b986b53e-e0fa-4f44-b5ed-bcca46ab4c6b','2015-05-20 11:29:14',NULL,NULL,'confirmed','ef46ca94-ac6e-47c5-97d8-e54334f2ff16','2015-05-20 05:59:59'),(30,'98432608555','6925b328-eb21-4af5-9508-a532fa640206','2015-05-21 18:52:50',NULL,NULL,'confirmed','d15c9d98-13eb-4c2c-8b74-da401dabce49','2015-05-21 13:23:32'),(31,'98432608217','7464d797-5c78-4b78-9d7d-16e75deaa929','2015-05-21 18:52:51',NULL,NULL,'confirmed','cc6d6458-7056-4a56-a8db-5e54fa1a27b6','2015-05-21 13:23:32'),(32,'98432608381','497505e9-80e6-435c-a122-f7bcd78307b4','2015-05-21 18:52:52',NULL,NULL,'confirmed','466476c9-aefa-49d2-a351-143ef5ed20f7','2015-05-21 13:23:32'),(33,'98432608381','bae57d7f-56a2-482c-bceb-fe2118183de5','2015-05-21 18:52:52',NULL,NULL,'confirmed','0d04a3e9-9528-4ad7-b6f8-c07a8e411a0c','2015-05-21 13:23:32'),(34,'98432608522','6a35622e-3f6f-47fb-9807-f2a28c8affd5','2015-05-21 18:52:53',NULL,NULL,'confirmed','ba3a2106-0119-489a-a07a-edfa2b44b823','2015-05-21 13:23:32'),(35,'98432608266','d30d4687-6e40-4a7d-aa0b-25ec072acff2','2015-05-21 18:52:53',NULL,NULL,'confirmed','aec6cb7b-cdb7-43df-a2d5-6f4874e81092','2015-05-21 13:23:32'),(36,'98432608266','cf8ba89a-4945-4e18-8f1d-9e2b84a147e3','2015-05-21 18:52:53',NULL,NULL,'confirmed','ced45766-9c47-4a38-873a-165dc6b2e642','2015-05-21 13:23:32'),(37,'98432609124','690c73d8-ba9c-4da5-9155-4745febccb78','2015-05-21 18:52:56',NULL,NULL,'confirmed','8cf20f73-c467-449f-9588-e88fbdcad4e9','2015-05-21 13:23:42'),(38,'98432608480','6df18006-3df1-4983-94a0-13a9413b85f8','2015-05-21 18:52:57',NULL,NULL,'confirmed','88604713-51d7-4f5b-a36e-dad7a95ae051','2015-05-21 13:23:42'),(39,'98432608480','5abc0f4b-e956-4ebd-bbcf-f7832c69f904','2015-05-21 18:52:57',NULL,NULL,'confirmed','6c8eb896-1859-43f7-b31a-9bde650760c9','2015-05-21 13:23:42'),(40,'98432609009','fad57d89-af50-4cb1-9376-7d34e2e86637','2015-05-21 18:52:58',NULL,NULL,'confirmed','dc4b9b6b-b6c4-4cc7-9ac9-0323e4c1c5f4','2015-05-21 13:23:42'),(41,'98432609009','dc3d5d1e-5bf4-4e13-8e57-97f0089d2063','2015-05-21 18:52:58',NULL,NULL,'confirmed','0d3e7e2f-0d23-4266-a51f-333c2b4844bc','2015-05-21 13:23:42'),(42,'98432619297','c6b154f1-da03-44f3-a2be-b41f5636afc7','2015-05-21 18:53:42',NULL,NULL,'confirmed','f34eb461-6600-49dc-854d-2d20527d4d16','2015-05-21 13:24:23'),(43,'98432618372','bbe28f50-d094-4a66-97ec-7e604c3611f5','2015-05-21 18:53:42',NULL,NULL,'confirmed','3ceb6110-f087-4908-a7f4-f8cba17faaae','2015-05-21 13:24:23'),(44,'98432618372','f2a304a5-c505-432e-ae1a-6e3b88c257d9','2015-05-21 18:53:42',NULL,NULL,'confirmed','531e0f34-e3cd-4d82-943e-561b1406f913','2015-05-21 13:24:23'),(45,'98432619073','7e568d7f-09ab-48e6-865d-99991134b50e','2015-05-21 18:53:43',NULL,NULL,'confirmed','32047666-6cb4-4c69-b57f-9478fa38170b','2015-05-21 13:24:23'),(46,'98432619198','a5c23fe2-8052-41bb-922b-b910fceacb78','2015-05-21 18:53:44',NULL,NULL,'confirmed','daece3e9-24a9-4ac9-85a7-0b95d064889f','2015-05-21 13:24:23'),(47,'98432619198','06c439b3-a49d-4597-9895-3c82a8665ae8','2015-05-21 18:53:44',NULL,NULL,'confirmed','f58386ee-5878-48a3-8147-8b5042cfc2df','2015-05-21 13:24:23'),(48,'11569149358','ed1c328c-d229-4c55-85a6-1c3334b20e1a','2015-05-21 18:53:46',NULL,NULL,'confirmed','d6c6c9a7-7049-44d6-874c-390fe91122e5','2015-05-21 13:24:23'),(49,'11569128243','ff071147-c8f0-4149-a638-2f8d8a41c2e6','2015-05-21 18:53:47',NULL,NULL,'confirmed','1b19a5db-73ea-49a5-be88-998bcf11737c','2015-05-21 13:24:33'),(50,'98432618356','1c3fb43f-7306-42da-85cd-b80edf41be93','2015-05-21 18:53:48',NULL,NULL,'confirmed','d2732e29-37d4-4a1f-b083-8afc88206591','2015-05-21 13:24:33'),(51,'98432619370','f4e0ae19-c868-4c85-85f9-55506d466b57','2015-05-21 18:53:49',NULL,NULL,'confirmed','ddf0d5bf-12e6-4082-b113-f462f4c5ffd3','2015-05-21 13:24:33'),(52,'98432619370','b058de0b-37da-424f-9a89-182e153a77bc','2015-05-21 18:53:49',NULL,NULL,'confirmed','3c399ba5-5408-4504-b3e7-e3c9149d74b3','2015-05-21 13:24:33'),(53,'98432619347','edbdc61d-6285-4af3-80f6-648abfefba10','2015-05-21 18:53:49',NULL,NULL,'confirmed','03ec3328-66f8-481d-948b-406462ddddf6','2015-05-21 13:24:33'),(54,'98432618729','ec0f9c1b-59eb-479b-965a-4c8e0813aa60','2015-05-21 18:53:49',NULL,NULL,'confirmed','f6dd99aa-9166-4d17-a236-baf565e2e0c6','2015-05-21 13:24:34'),(55,'98432618729','f301108b-bbcb-43d8-b3a6-90b3da6571dd','2015-05-21 18:53:49',NULL,NULL,'confirmed','7cd73141-a0fa-4cfe-99a3-db70c1825338','2015-05-21 13:24:34'),(56,'98432618976','a972f123-f3d2-43b5-8ed8-7b33794fdae0','2015-05-21 18:53:50',NULL,NULL,'confirmed','36d7c3a9-d81a-4466-9368-a1477aedb88b','2015-05-21 13:24:34'),(57,'98432618414','bf5a42a5-8a48-4a98-adcb-c70c80bce766','2015-05-21 18:53:51',NULL,NULL,'confirmed','37d3a9a1-637f-444b-9a57-770055e90839','2015-05-21 13:24:34'),(58,'98432619123','cbe89989-e2c4-4334-99a3-45b20e611fd5','2015-05-21 18:53:52',NULL,NULL,'confirmed','229b79aa-1c7c-4bb4-a0e8-a31f02825bb6','2015-05-21 13:24:34'),(59,'98504257497','6007ffcf-84bd-47c7-bcbf-39aae64911ea','2015-05-26 15:30:52',NULL,NULL,'confirmed','643fdbca-3a05-4e52-854a-b9479468a493','2015-05-26 10:00:53'),(60,'98504258495','bb836567-cad7-4fcd-9d22-c125beec8fc8','2015-05-26 15:30:53',NULL,NULL,'confirmed','0879a415-0755-469f-809a-0ec9865f5a27','2015-05-26 10:00:53'),(61,'98504257521','9994420b-9338-4088-b1cc-dd134c096f0f','2015-05-26 15:30:54',NULL,NULL,'confirmed','811d1caf-812a-4cb5-b795-2a7ed86dbe49','2015-05-26 10:01:04'),(62,'98504257521','68799abe-8d04-4857-9df7-2b2babe071a2','2015-05-26 15:30:54',NULL,NULL,'confirmed','82daee6f-bb79-4962-afff-00fe2573a266','2015-05-26 10:01:04'),(63,'98504257802','3a5691e2-cd28-427e-8a0b-b3cf04e3292e','2015-05-26 15:30:55',NULL,NULL,'confirmed','9900036f-383e-45e0-8ad7-4da6457e0624','2015-05-26 10:01:04'),(64,'98504258388','7187fc5e-93f4-4e25-a978-9e0c9291a6cb','2015-05-26 15:30:56',NULL,NULL,'confirmed','6ad49ab2-e5e4-42d0-8b0c-76c9125063f6','2015-05-26 10:01:04'),(65,'98504258388','4b6f6c8a-da22-4dae-8ba3-51ad292bbf8f','2015-05-26 15:30:56',NULL,NULL,'confirmed','98ce10e1-c7b6-436b-a849-9a030561d153','2015-05-26 10:01:04'),(66,'98504257307','4bd2fb24-62c1-4a16-b844-34300ee98c98','2015-05-26 15:30:58',NULL,NULL,'confirmed','bace0f94-d336-4e07-9db0-c696ce9856a9','2015-05-26 10:01:04'),(67,'98504257711','3e976f8c-0a46-449b-9515-ad780d063db8','2015-05-26 15:30:59',NULL,NULL,'confirmed','9285ead6-811f-4ad7-ad54-36d993d43cc3','2015-05-26 10:01:04'),(68,'98504257711','6ec88b58-4feb-4dd6-a925-f155b8d57357','2015-05-26 15:30:59',NULL,NULL,'confirmed','bcd01d93-548c-48c8-b7cd-650b9cd3ab62','2015-05-26 10:01:04'),(69,'98504268197','81e2c9e2-8c5c-4a71-bffd-d997977ae810','2015-05-26 15:31:00',NULL,NULL,'confirmed','ac2219b2-02d5-4ef0-8926-55a5614b84aa','2015-05-26 10:01:04'),(70,'98504268197','7b0cff78-23c0-4895-94ed-896809dab7d4','2015-05-26 15:31:00',NULL,NULL,'confirmed','7e838241-da59-4b6f-ac8c-9cd1681ae71a','2015-05-26 10:01:04'),(71,'98504268254','93e64a7c-543c-4711-88ac-7aeed266af3f','2015-05-26 15:31:52',NULL,NULL,'confirmed','2a79409b-0e80-4625-bca1-05184607c9bf','2015-05-26 10:01:55'),(72,'98504268064','a2953843-6f01-4145-8b0c-4a9f53abb3c1','2015-05-26 15:31:53',NULL,NULL,'confirmed','cd1e6f55-99b1-4856-a413-e8e62dd74a7a','2015-05-26 10:01:55'),(73,'98504268064','5b426919-0cfd-478e-9cad-f4b56648b2f8','2015-05-26 15:31:53',NULL,NULL,'confirmed','de087c68-5f9f-439b-8519-ec6451026949','2015-05-26 10:01:55'),(74,'98504267793','61832057-3299-4610-9c7a-c540c1e3b7f0','2015-05-26 15:31:54',NULL,NULL,'confirmed','4c07b9c3-6ac7-46e9-bd78-127fad38b7a4','2015-05-26 10:01:55'),(75,'98504268106','08b38df6-1335-4292-aa81-60a7d322b5e0','2015-05-26 15:31:54',NULL,NULL,'confirmed','a07234b3-6645-4dc3-8cb0-716bc0685aab','2015-05-26 10:01:55'),(76,'98504268106','59510d78-4cef-4672-99ee-c62916d603e0','2015-05-26 15:31:54',NULL,NULL,'confirmed','7f007707-2efa-4273-ad0d-534ee820fdd7','2015-05-26 10:01:55'),(77,'98504278105','9fddd390-5fb1-4f2e-8efb-42789f79a6e7','2015-05-26 15:32:19',NULL,NULL,'confirmed','f727daa2-21fe-416e-aa4c-5d3800531e97','2015-05-26 10:02:26'),(78,'98504278956','c46184ba-f4a0-499a-a8d4-bdd987aa0f70','2015-05-26 15:32:20',NULL,NULL,'confirmed','027cf621-999f-4620-8da7-2b0d30b48898','2015-05-26 10:02:26'),(79,'98504278733','0b9ef0be-875a-4b7d-938a-4600d8b05201','2015-05-26 15:32:20',NULL,NULL,'confirmed','3e4c3034-5083-42b0-a032-3f8d59e5d180','2015-05-26 10:02:26'),(80,'98504278733','51c3d73d-ff60-4785-a93c-0e939333c9f1','2015-05-26 15:32:20',NULL,NULL,'confirmed','1d690469-aee7-4c6a-93a7-4adfcc131689','2015-05-26 10:02:26'),(81,'98504278824','d64d8012-5c53-42ef-8c23-711cd2e2cf5f','2015-05-26 15:32:21',NULL,NULL,'confirmed','220440c7-a708-45a4-822a-793a7e406e48','2015-05-26 10:02:26'),(82,'98504278808','43f9fdb4-060a-4309-ad08-d736af000923','2015-05-26 15:32:22',NULL,NULL,'confirmed','f30eef16-378c-4f3f-bc01-1569a51f839f','2015-05-26 10:02:26'),(83,'98504278808','13d41dc8-07c5-4888-8c3c-1351f2881394','2015-05-26 15:32:22',NULL,NULL,'confirmed','6a3c291b-acf2-4006-9f2a-8bdcf4b7b831','2015-05-26 10:02:27'),(84,'98504278691','fe520f99-285b-4a92-8029-9b22b30ec8fb','2015-05-26 15:32:25',NULL,NULL,'confirmed','86c89f8b-924d-4ca9-8bec-3dfa701fc697','2015-05-26 10:02:27'),(85,'98504277818','ccdb4024-41ff-4f16-bad0-c2dd2ac23783','2015-05-26 15:32:25',NULL,NULL,'confirmed','104c100d-45af-4be8-8ca9-5cb3aaba6d63','2015-05-26 10:02:27'),(86,'98504277818','007f9cd0-2e42-43ba-969c-7e8e9c955276','2015-05-26 15:32:25',NULL,NULL,'confirmed','6ce0ee4d-2a6c-4310-b074-c736e947c703','2015-05-26 10:02:27'),(87,'98504278311','9bffc8b4-8608-419a-bd38-39303810a6b7','2015-05-26 15:32:26',NULL,NULL,'confirmed','e2cee399-6bb7-4b5c-80e1-9a77a1190aca','2015-05-26 10:02:27'),(88,'98504278311','cf3b5ceb-f207-49c9-a529-4860ff33e1c3','2015-05-26 15:32:26',NULL,NULL,'confirmed','4db2d385-a47c-4dd0-90d3-17b9fffcd5a2','2015-05-26 10:02:27'),(89,'98504289185','0cddf3cc-c9ff-4c12-a713-d1debe6932a3','2015-05-26 15:33:15',NULL,NULL,'confirmed','bad241cc-e1f4-4ba9-a3b4-7aa678177383','2015-05-26 10:03:17'),(90,'98504289268','ee7a5feb-4597-45d8-958d-37b6dc28b4ab','2015-05-26 15:33:15',NULL,NULL,'confirmed','aaee78c5-cb28-41b6-a37d-99ea72ecb949','2015-05-26 10:03:17'),(91,'98504289268','b8638f43-0a96-4756-8ad9-6b28803065dc','2015-05-26 15:33:15',NULL,NULL,'confirmed','4c588430-9999-4d7e-ba35-51e1c0a5ca29','2015-05-26 10:03:17'),(92,'98504288195','0495fb84-8e3c-4945-8e15-12a568a4a3f7','2015-05-26 15:33:16',NULL,NULL,'confirmed','0454454b-b948-4ef4-9054-9b5767c7cb67','2015-05-26 10:03:17'),(93,'98504288559','4a3245a2-64aa-4d0d-ba55-5ccad83ae1f0','2015-05-26 15:33:17',NULL,NULL,'confirmed','3d6b3640-8754-4824-bad9-d6dcbc5a304d','2015-05-26 10:03:18'),(94,'98504288559','42f5e627-501c-49df-86fe-53b8ac9b7afe','2015-05-26 15:33:17',NULL,NULL,'confirmed','fb7b3f83-308d-42a6-9741-5560f6f2ef04','2015-05-26 10:03:18'),(95,'98506030041','98f47283-20ea-4a28-84ef-6b6ea31636a3','2015-05-26 18:23:41',NULL,NULL,'confirmed','2f924c90-39ed-4132-b8e2-08b7819d50d6','2015-05-26 12:53:45'),(96,'98506029464','28d86280-6279-4d41-968a-4b3844763802','2015-05-26 18:23:42',NULL,NULL,'confirmed','66b6d7a4-12b3-4a1f-9ed8-4177c6516394','2015-05-26 12:53:45'),(97,'98506030009','2aabba48-6c0c-4104-83b9-7440e05d2681','2015-05-26 18:23:43',NULL,NULL,'confirmed','c62d73f1-3e4c-438f-80de-2dc0a4ddc8b7','2015-05-26 12:53:45'),(98,'98506030009','639b5ece-175f-4102-bc8d-4ea45115a3bb','2015-05-26 18:23:43',NULL,NULL,'confirmed','cad2a929-08ed-467d-ac2f-6cd240f8fbd3','2015-05-26 12:53:45'),(99,'98506029852','aced3ff5-4ba1-4b4e-891f-461038ffe14a','2015-05-26 18:23:43',NULL,NULL,'confirmed','93f9a7ee-ed1d-423a-82ca-907f0f127025','2015-05-26 12:53:45'),(100,'98506029969','cfcd48dd-b38a-439e-af46-7365b264742c','2015-05-26 18:23:44',NULL,NULL,'confirmed','8218fe68-b49b-4687-aa76-5a8e70bbb125','2015-05-26 12:53:45'),(101,'98506029969','071ee30f-75b8-45bd-bec4-6ec1e5e4cec5','2015-05-26 18:23:44',NULL,NULL,'confirmed','342f92d6-0bff-4c3b-a268-b67897f0f26b','2015-05-26 12:53:45'),(102,'98506029449','129c3406-26db-4c6f-87b3-51528947f0f6','2015-05-26 18:23:47',NULL,NULL,'confirmed','6ccdfc33-0b4e-42fb-b653-44820c5e49e3','2015-05-26 12:53:56'),(103,'98506029837','3bf58952-a7bd-47a6-9d67-7a378f505a75','2015-05-26 18:23:48',NULL,NULL,'confirmed','f519364d-35e9-4753-9aca-0c859f709dfd','2015-05-26 12:53:56'),(104,'98506029837','852c7e8f-7d64-4b42-81c5-f3abe9e0efcc','2015-05-26 18:23:48',NULL,NULL,'confirmed','39af67cc-cf18-4825-89f4-2ee7d3194eef','2015-05-26 12:53:56'),(105,'98506028805','58fffa74-ea4b-4f81-b7f7-6d547ff8ad24','2015-05-26 18:23:48',NULL,NULL,'confirmed','0dadb210-34f0-43f5-bb31-0af5971909b9','2015-05-26 12:53:56'),(106,'98506028805','dc8818d1-525b-46e2-91ed-ca34edb2717f','2015-05-26 18:23:48',NULL,NULL,'confirmed','bf2bbb98-dafe-4ebe-b399-fbf4472e8308','2015-05-26 12:53:56'),(107,'98506039083','3c8eab4d-3506-4f0c-9d91-6b9be89efd92','2015-05-26 18:24:28',NULL,NULL,'confirmed','2ef26df9-1b36-4f25-926a-c785aecc416d','2015-05-26 12:54:37'),(108,'98506039299','99a5b3d6-6461-4920-886c-c9d55220b317','2015-05-26 18:24:28',NULL,NULL,'confirmed','9f0bc66c-0d76-4644-aeb5-8d588ec1627d','2015-05-26 12:54:37'),(109,'98506039299','6e17dab6-9731-4bd1-a691-2b7349acd8b9','2015-05-26 18:24:28',NULL,NULL,'confirmed','7d9c5502-3c34-4da4-9ba5-5f81d6d7685f','2015-05-26 12:54:37'),(110,'98506039448','cb8ad48a-6d15-4ab7-b0de-0b8e6786f703','2015-05-26 18:24:29',NULL,NULL,'confirmed','83c7675f-64e3-47f3-ae38-6175edc6b901','2015-05-26 12:54:37'),(111,'98506039281','6b75d4c6-f4d5-4469-8917-41c2e0415640','2015-05-26 18:24:30',NULL,NULL,'confirmed','d312bd0a-5cd9-466b-8376-e8e38af1558d','2015-05-26 12:54:37'),(112,'98506039281','7358379c-1f40-41a4-8ee8-d53b334b383c','2015-05-26 18:24:30',NULL,NULL,'confirmed','09ddb3c7-4587-427d-846e-3233dd8bc939','2015-05-26 12:54:37'),(113,'98516321117','75067010-a842-47ea-9a1a-c42e9832ec4b','2015-05-27 11:08:08',NULL,NULL,'confirmed','99132ebf-9ba7-4613-9757-d891bbcd1adc','2015-05-27 05:38:13'),(114,'98516320424','bcfb6ff4-2fc9-4740-81df-157c973f76be','2015-05-27 11:08:09',NULL,NULL,'confirmed','1de7947c-7067-49b2-ad9c-93b69da72aab','2015-05-27 05:38:13'),(115,'98516321182','a05d7621-4c6e-47f4-a69b-1ba7612a4ca9','2015-05-27 11:08:09',NULL,NULL,'confirmed','7f8d71e4-4201-410c-9ff5-ed8be42edfb1','2015-05-27 05:38:13'),(116,'98516321182','b28ceb21-0591-4b5d-81a5-3ed7ef06cea0','2015-05-27 11:08:09',NULL,NULL,'confirmed','7fba8ef2-fbb4-41cd-8b89-f327a5a7c31f','2015-05-27 05:38:13'),(117,'98516321133','13658f8a-1066-44e4-bc59-7a590b415348','2015-05-27 11:08:10',NULL,NULL,'confirmed','1cb05ce7-dd35-49fc-9d81-0ee90a69732e','2015-05-27 05:38:13'),(118,'98516320358','aa3f5b76-f1d2-490b-8761-1905bc8e1383','2015-05-27 11:08:11',NULL,NULL,'confirmed','a654b0ca-fa02-45b4-8a17-e5d92de84ca7','2015-05-27 05:38:13'),(119,'98516320358','85fefda9-538e-4725-b65b-dc412d198e37','2015-05-27 11:08:11',NULL,NULL,'confirmed','4d7ad235-2785-4e51-a1e0-9cb1abd95486','2015-05-27 05:38:14'),(120,'98516320952','7f5b8429-90a7-4b22-9f13-ff2c842f0e27','2015-05-27 11:08:14',NULL,NULL,'confirmed','35d96843-4824-49b8-a524-b4eb713b3dff','2015-05-27 05:38:24'),(121,'98516320317','1fbd2dc3-43c8-4a4e-b500-9083da19908c','2015-05-27 11:08:14',NULL,NULL,'confirmed','ae132f28-aab0-465b-8f90-887a00464168','2015-05-27 05:38:24'),(122,'98516320317','a841f7ff-31be-4d18-bca4-84a31090c134','2015-05-27 11:08:14',NULL,NULL,'confirmed','e141f7d0-d17f-44c3-9e28-5cbaf678cbdc','2015-05-27 05:38:24'),(123,'98516320226','ffef6deb-cc80-4dd4-835c-6fa4531b747a','2015-05-27 11:08:15',NULL,NULL,'confirmed','3b265249-5e82-4697-919e-56af5ad9c853','2015-05-27 05:38:24'),(124,'98516320226','a17d70cc-8eed-4408-af5d-551f30df577d','2015-05-27 11:08:15',NULL,NULL,'confirmed','464fec59-c4d3-4f65-8842-ab2d0c7a25d0','2015-05-27 05:38:24'),(125,'98516351775','320809ae-3635-4268-bf37-8d54727ee9a0','2015-05-27 11:11:10',NULL,NULL,'confirmed','f133fc37-b4ee-47c1-b6f8-06be4a4822c1','2015-05-27 05:41:16'),(126,'98516351882','6f1ca500-0af1-4a79-a903-5898847bc20b','2015-05-27 11:11:11',NULL,NULL,'confirmed','15422323-8b52-4eb3-b84b-d23d55df8986','2015-05-27 05:41:16'),(127,'98516351882','ca5b0d1c-b1ee-4ee2-92bf-9899317a25c3','2015-05-27 11:11:11',NULL,NULL,'confirmed','13636052-1732-4579-a40b-cfc87009f766','2015-05-27 05:41:16'),(128,'98516351114','b949775a-f9ec-4974-80b0-750572722a3d','2015-05-27 11:11:12',NULL,NULL,'confirmed','573ffbec-f03c-48d0-9132-0011990e889f','2015-05-27 05:41:16'),(129,'98516351734','3dc2b822-dacd-47c4-85ae-837c748fc0d8','2015-05-27 11:11:12',NULL,NULL,'confirmed','a374f03c-9ae4-4497-9c85-3770f02133c3','2015-05-27 05:41:16'),(130,'98516351734','58fd7b94-07ec-4103-a132-7e2e26b995de','2015-05-27 11:11:12',NULL,NULL,'confirmed','cb46260f-adfd-488a-a404-70e00d9672bd','2015-05-27 05:41:16'),(131,'98516453811','f180a878-bab5-475f-9349-c017e012c148','2015-05-27 11:21:16',NULL,NULL,'confirmed','fa5941ce-eafb-4da8-9995-743a1f8d3efb','2015-05-27 05:51:26'),(132,'98516453878','39752c9e-ba9b-46be-ac76-98c1d2bef9e3','2015-05-27 11:21:17',NULL,NULL,'confirmed','a5068c12-cf93-48a7-804b-ccf31cb41d75','2015-05-27 05:51:26'),(133,'98516453316','1dd66373-65ec-4869-b685-028635bf50b9','2015-05-27 11:21:18',NULL,NULL,'confirmed','9738fd6d-584d-46d4-ab95-5e858e05249b','2015-05-27 05:51:26'),(134,'98516453316','f66c9767-5c8f-4e31-9e22-e2ec39809249','2015-05-27 11:21:18',NULL,NULL,'confirmed','11f40b6d-bac8-48c9-8c7e-f69cf2341ea5','2015-05-27 05:51:26'),(135,'98516453506','f40916b1-1fe3-4684-99dc-74f44a813b17','2015-05-27 11:21:18',NULL,NULL,'confirmed','a6ca54a2-c390-4a86-9e86-ab6d28703864','2015-05-27 05:51:26'),(136,'98516454314','a5946f02-e422-4a25-b5be-5b05bf4c7394','2015-05-27 11:21:19',NULL,NULL,'confirmed','9ba3f3ed-40bb-4b87-b714-4dbc3e8b7bb7','2015-05-27 05:51:26'),(137,'98516454314','5d15868e-cf16-4081-9b77-908964f9265e','2015-05-27 11:21:19',NULL,NULL,'confirmed','6b4478b3-b068-4992-806e-e799b5b3568a','2015-05-27 05:51:27'),(138,'98516453837','f4823570-5f18-4f90-a549-ce5ad891e117','2015-05-27 11:21:22',NULL,NULL,'confirmed','a393a847-3ec4-429f-96a6-b3903940dd59','2015-05-27 05:51:27'),(139,'98516454215','a30ff387-d0e0-4874-8892-3d47723da421','2015-05-27 11:21:22',NULL,NULL,'confirmed','2a418bbb-faa1-40f3-a19d-8f0dd3d43f93','2015-05-27 05:51:27'),(140,'98516454215','830faee5-d80e-4cc9-b008-7dbe948f74bc','2015-05-27 11:21:22',NULL,NULL,'confirmed','282ccfb3-551a-4cfd-aa6d-887e54c56aa0','2015-05-27 05:51:27'),(141,'98516454330','9701c6eb-b61f-4d4f-a2a3-b4a56e98be7d','2015-05-27 11:21:23',NULL,NULL,'confirmed','3f45c4f1-d8da-4959-9c4d-addbdcbab754','2015-05-27 05:51:27'),(142,'98516454330','82ae2371-da2a-4a63-8d8e-80b1ba725e21','2015-05-27 11:21:23',NULL,NULL,'confirmed','22e71183-1f82-408e-a898-8438ee1e838d','2015-05-27 05:51:27'),(143,'98516463562','534bb57c-c53a-4974-82f3-9cf0b6f1df82','2015-05-27 11:22:06',NULL,NULL,'confirmed','2053a00d-fadd-45fe-b3c4-c4593a71cc67','2015-05-27 05:52:17'),(144,'98516464081','1f677115-ad3f-4061-a4a9-afc35c3790e0','2015-05-27 11:22:07',NULL,NULL,'confirmed','f017ca69-a4c2-4db1-a478-97a551922b6d','2015-05-27 05:52:17'),(145,'98516464081','1e7ed37e-2475-4dab-b296-e095a58f3781','2015-05-27 11:22:07',NULL,NULL,'confirmed','af1280fe-7194-4f0b-babd-571dc33ae946','2015-05-27 05:52:17'),(146,'98516463943','002b653f-d344-4be4-8e39-b34286fb738a','2015-05-27 11:22:07',NULL,NULL,'confirmed','cf7c4d67-f859-4b9b-a64e-e8a54a81b477','2015-05-27 05:52:18'),(147,'98516463778','bf4c35ec-6ed6-403f-b49d-64f1903cd48c','2015-05-27 11:22:08',NULL,NULL,'confirmed','fc466f87-e19c-4592-9be4-aaf461666b06','2015-05-27 05:52:18'),(148,'98516463778','ff3d3f8a-19e2-4e94-91f6-92a100e98ca2','2015-05-27 11:22:08',NULL,NULL,'confirmed','4b9108ed-5946-4adf-9485-70dedc5effad','2015-05-27 05:52:18'),(149,'98530718363','4e594512-f247-4037-85e4-03cf0a3a5dd4','2015-05-28 10:34:00',NULL,NULL,'confirmed','75ebe2f4-017e-41c3-9aed-2905998c8d8f','2015-05-28 05:04:04'),(150,'98530718520','a0cd9c3a-b282-49c2-afe9-74f1447ea3a0','2015-05-28 10:34:02',NULL,NULL,'confirmed','4d866493-39f7-4875-b861-c9928240b39d','2015-05-28 05:04:14'),(151,'98530718470','b7d388da-43f9-4691-bfc3-c982f4ea6032','2015-05-28 10:34:03',NULL,NULL,'confirmed','b8e95065-1822-4adb-b759-41ead43c9d2d','2015-05-28 05:04:15'),(152,'98530718470','1c1ceef9-54ff-4660-8ce1-7317eb292688','2015-05-28 10:34:03',NULL,NULL,'confirmed','37391f05-b445-4a75-a5ff-b7cd58a294f8','2015-05-28 05:04:15'),(153,'98530718165','af423d80-199d-4e19-8169-ad36f2679827','2015-05-28 10:34:04',NULL,NULL,'confirmed','11c87947-9a2c-436c-8999-dd73563d1117','2015-05-28 05:04:15'),(154,'98530718462','d37cb8a2-3581-457a-b9a7-11908eb5165e','2015-05-28 10:34:05',NULL,NULL,'confirmed','de8f8db3-e094-4f85-b128-e1d025304021','2015-05-28 05:04:15'),(155,'98530718462','be3c6636-bd43-4be0-bda3-07fb39844706','2015-05-28 10:34:05',NULL,NULL,'confirmed','e5b24c04-f165-4bf1-9dc3-413df16bb9d6','2015-05-28 05:04:15'),(156,'98530718694','ba05641e-9b18-4adb-b069-7bd5ca51cd58','2015-05-28 10:34:09',NULL,NULL,'confirmed','f12627e6-e091-40de-9d03-86ad791183c2','2015-05-28 05:04:15'),(157,'98530718074','6f32bbba-f389-44b5-8f48-d4b1fccac254','2015-05-28 10:34:10',NULL,NULL,'confirmed','fbd03f65-2f0e-4cc8-a904-aba245c46fc6','2015-05-28 05:04:15'),(158,'98530718074','cfdeee19-067b-4913-ad63-6365f2ef2729','2015-05-28 10:34:10',NULL,NULL,'confirmed','3763a915-85f1-4dfc-8ca0-7cc5685ab0fa','2015-05-28 05:04:15'),(159,'98530718132','13200339-89ba-4289-ab6b-567edcb6addf','2015-05-28 10:34:11',NULL,NULL,'confirmed','c2e1a92b-fd42-4630-8043-bc7f10825d9a','2015-05-28 05:04:15'),(160,'98530718132','8f68b6e0-8149-49c8-8b84-aeafacf8f24d','2015-05-28 10:34:11',NULL,NULL,'confirmed','90343a20-fa31-4574-a978-19fef31a35d2','2015-05-28 05:04:15'),(161,'98530728008','012c6ddd-3d44-4b31-9b97-4399768f7025','2015-05-28 10:35:12',NULL,NULL,'confirmed','e17c8fab-52c0-4894-b442-1186fc89069d','2015-05-28 05:05:16'),(162,'98530728263','e3eff582-1cd4-4a94-b629-cca2b95247c6','2015-05-28 10:35:13',NULL,NULL,'confirmed','32b33e81-b323-4c6b-9308-4b365bfa7731','2015-05-28 05:05:26'),(163,'98530728263','ec1c9663-0a2e-495d-81ba-85897c51d8b9','2015-05-28 10:35:13',NULL,NULL,'confirmed','06401b41-5197-4b9a-83a6-571e304c3982','2015-05-28 05:05:26'),(164,'98530727695','d97b0526-f242-42c4-ace4-663d925b8b58','2015-05-28 10:35:14',NULL,NULL,'confirmed','d5a61f38-ed8a-4ed6-893c-92531b3d8909','2015-05-28 05:05:26'),(165,'98530728727','2676150a-5aac-4764-a974-5a2632621f8a','2015-05-28 10:35:15',NULL,NULL,'confirmed','0817b402-5daa-4f37-960a-1bda6a15f058','2015-05-28 05:05:26'),(166,'98530728727','00c2a84f-b879-4287-bed1-f70b75410752','2015-05-28 10:35:15',NULL,NULL,'confirmed','2c85b4a0-a7c8-4537-b3bb-dc81f8288509','2015-05-28 05:05:26'),(167,'98530943599','55b97c24-b86b-41c8-a91a-efd5ea04fbe0','2015-05-28 10:56:29',NULL,NULL,'confirmed','81a48ed2-b89d-4380-a4c8-c402d9f474fb','2015-05-28 05:26:34'),(168,'98530943763','ca2312f6-e84c-4354-bd5f-d32928a13bc1','2015-05-28 10:56:30',NULL,NULL,'confirmed','bcee0121-42ab-4c3f-8dd5-480cf9262fd6','2015-05-28 05:26:34'),(169,'98530943268','1de44c91-88b8-4856-9be2-c08e5899d9db','2015-05-28 10:56:30',NULL,NULL,'confirmed','3b2bb825-b145-4b77-a466-349428865ace','2015-05-28 05:26:34'),(170,'98530943268','103c565e-32e5-45b5-9121-9d8563c7c4aa','2015-05-28 10:56:30',NULL,NULL,'confirmed','1ec67a29-9a7d-4801-9f2f-7f0a087e490b','2015-05-28 05:26:34'),(171,'98530942955','592e53ed-cfc2-431d-83dd-11bb613a021a','2015-05-28 10:56:31',NULL,NULL,'confirmed','8b395e3f-456e-46e1-a976-aa596ef3fe81','2015-05-28 05:26:44'),(172,'98530943953','b6b9f3ca-eedb-4ecb-b86b-cc17f2d3547f','2015-05-28 10:56:32',NULL,NULL,'confirmed','69aa03bc-82e6-4023-97b3-6ed2a944686c','2015-05-28 05:26:44'),(173,'98530943953','1c5dd7c1-dfd1-4f12-a11c-f054ae2beb1d','2015-05-28 10:56:32',NULL,NULL,'confirmed','a98b7a44-390e-4508-bf34-ffc84dfd6967','2015-05-28 05:26:44'),(174,'98530943144','b8614209-938d-4a84-b3b6-7e932220ba5c','2015-05-28 10:56:35',NULL,NULL,'confirmed','53c26f1a-ff20-46e8-8f0c-ec38d55fb4d1','2015-05-28 05:26:45'),(175,'98530942799','145f06d1-1bc8-40c8-8799-8953e3de9df3','2015-05-28 10:56:36',NULL,NULL,'confirmed','9c1cb164-e2f9-4545-930c-7ee83536464e','2015-05-28 05:26:45'),(176,'98530942799','9f362e56-8925-473c-aa0d-94bb2fe26896','2015-05-28 10:56:36',NULL,NULL,'confirmed','c46356a7-6b8d-4852-a0a4-2b6b25900d23','2015-05-28 05:26:45'),(177,'98530943417','2629408a-ae6b-4432-bcb4-13a94c9d273a','2015-05-28 10:56:36',NULL,NULL,'confirmed','e468ab6b-3606-4dcd-9cd6-42b1fdec992b','2015-05-28 05:26:45'),(178,'98530943417','7e35f809-3891-4941-9ec6-d2b436af7019','2015-05-28 10:56:36',NULL,NULL,'confirmed','ff4c65ac-6d88-4678-b53d-2adab43b9bbd','2015-05-28 05:26:45'),(179,'98530954208','34cc30fc-8d93-4422-9423-3689c14d642e','2015-05-28 10:57:19',NULL,NULL,'confirmed','aecaeff3-4c41-4687-8463-2e15487a2dcd','2015-05-28 05:27:25'),(180,'98530953069','177fc47b-ce8a-46ca-b9d6-a3bfa496f3ae','2015-05-28 10:57:20',NULL,NULL,'confirmed','86fb3da5-2984-4056-a584-6752404037cc','2015-05-28 05:27:26'),(181,'98530953069','af921590-abe4-4fa1-95b9-e86245eb2752','2015-05-28 10:57:20',NULL,NULL,'confirmed','450f111e-1e3e-411e-941f-7bd02155e2e3','2015-05-28 05:27:26'),(182,'98530952970','5b271bf3-4617-41ee-8376-85d8534ad256','2015-05-28 10:57:21',NULL,NULL,'confirmed','22b1b4da-132e-4cae-aaf3-56f2e0b8d39a','2015-05-28 05:27:26'),(183,'98530954083','02e82375-cf2c-4132-8c53-d02d3af9d779','2015-05-28 10:57:22',NULL,NULL,'confirmed','0a3376ab-7964-42e5-bdd5-a2dfce2b6a3f','2015-05-28 05:27:26'),(184,'98530954083','e9f3aa4b-6973-461f-bb38-c56727c56e40','2015-05-28 10:57:22',NULL,NULL,'confirmed','3d569d7e-e5dc-461f-a12f-6d301836fe6e','2015-05-28 05:27:26'),(185,'98531475674','064cf665-b757-4210-8a79-1016d9f20617','2015-05-28 11:48:56',NULL,NULL,'confirmed','163e7f60-4e44-484e-b2bc-46435f277203','2015-05-28 06:19:05'),(186,'98531476037','97544d07-38ec-4dcb-be37-bac76cfc15e8','2015-05-28 11:48:57',NULL,NULL,'confirmed','b00a2dca-886f-4dd6-908c-417c69d7c084','2015-05-28 06:19:05'),(187,'98531486390','3553086c-8d1a-4eb8-86bd-753ccf8f32b7','2015-05-28 11:48:58',NULL,NULL,'confirmed','f932a403-5e5e-4109-b446-5b67f5db9aff','2015-05-28 06:19:05'),(188,'98531486390','4cbc48e1-4509-4df7-a25a-b782e4c103e5','2015-05-28 11:48:58',NULL,NULL,'confirmed','607f2275-ce92-4edc-904b-29aa024d5c80','2015-05-28 06:19:05'),(189,'98531486515','dd4ec95a-2a55-47b7-8c44-2b396f5ea378','2015-05-28 11:48:58',NULL,NULL,'confirmed','07335bd1-ed0f-45a4-bf0a-4681989f8025','2015-05-28 06:19:05'),(190,'98531486671','6e7a3a68-dc0e-45fd-a030-e487289d2d09','2015-05-28 11:48:59',NULL,NULL,'confirmed','56f928d0-e1af-489f-97b6-0d5c2ebcab3f','2015-05-28 06:19:06'),(191,'98531486671','739cc6de-be08-4454-8d5d-a757dc6d200d','2015-05-28 11:48:59',NULL,NULL,'confirmed','6939f45d-78bd-412c-9bab-1f89f23169f1','2015-05-28 06:19:06'),(192,'98531486143','37202f19-d1ce-49e3-a9a1-a227cc98afe6','2015-05-28 11:49:03',NULL,NULL,'confirmed','4e5b73d2-4263-4c8a-8b2b-fc83329e312f','2015-05-28 06:19:16'),(193,'98531486531','66612926-0afc-4fa5-94eb-7deb9ced0885','2015-05-28 11:49:04',NULL,NULL,'confirmed','c3eef642-4493-40af-8cbd-d225e3db1727','2015-05-28 06:19:16'),(194,'98531486531','35fe9871-9b6d-4db1-a1f3-a886355e5267','2015-05-28 11:49:04',NULL,NULL,'confirmed','3ff9134b-e04a-4fc7-abaf-f8ee3e89d02b','2015-05-28 06:19:16'),(195,'98531485921','788e8a2d-c3a2-4ae2-aea5-1d08469429a4','2015-05-28 11:49:05',NULL,NULL,'confirmed','cae227b1-7e97-42be-8911-815be6b53a49','2015-05-28 06:19:16'),(196,'98531485921','0dc0a031-aee3-4f3d-86b1-b38e971b635c','2015-05-28 11:49:05',NULL,NULL,'confirmed','2075b602-a607-4a4c-997f-4bac93d10260','2015-05-28 06:19:16'),(197,'98531486291','c6fb6142-56f8-41f6-9fb7-45ccea4a00f2','2015-05-28 11:49:48',NULL,NULL,'confirmed','d64a4298-5af5-40e5-92eb-3c0f91629918','2015-05-28 06:19:57'),(198,'98531486440','54117449-8e98-4222-ac54-bbf2c86d825f','2015-05-28 11:49:49',NULL,NULL,'confirmed','d6509939-94b2-4740-9996-666fe906b057','2015-05-28 06:19:57'),(199,'98531486440','23c6e3e9-262e-4d91-a7ad-f9cb2c613b69','2015-05-28 11:49:49',NULL,NULL,'confirmed','61d217bb-a3a5-4aca-981e-0902564edd38','2015-05-28 06:19:57'),(200,'98531486044','e6a427bf-4671-4551-9305-b974e79e854b','2015-05-28 11:49:49',NULL,NULL,'confirmed','4b67ead6-d2ef-4278-a851-5f82f052ec5c','2015-05-28 06:19:57'),(201,'98531485855','f252645d-2581-4b91-88ae-c882f5b2c8b0','2015-05-28 11:49:50',NULL,NULL,'confirmed','b48a2658-6e14-4112-8f19-7aa5d7218555','2015-05-28 06:19:57'),(202,'98531485855','c42f84f3-8824-4115-ac29-10ba44832ffb','2015-05-28 11:49:50',NULL,NULL,'confirmed','a9f1bb2d-0da6-453d-9e1c-8ea23498c5f8','2015-05-28 06:19:57'),(203,'98534599397','c09bd4fb-683b-4fb1-a6f1-c656dd39ce31','2015-05-28 16:53:07',NULL,NULL,'confirmed','f77ca012-ba4c-489a-858e-1df3d5ce3b28','2015-05-28 11:23:13'),(204,'98534598985','f0292806-8762-43de-b3b1-a5152ee4562c','2015-05-28 16:53:08',NULL,NULL,'confirmed','4f428762-7b5d-4400-ae61-80c6d17ca450','2015-05-28 11:23:13'),(205,'98534598985','0d2f352e-38cc-4efc-b572-987a3e50fb44','2015-05-28 16:53:08',NULL,NULL,'confirmed','f37ba499-5a54-43c2-a751-134d54224f10','2015-05-28 11:23:13'),(206,'98534599579','c5d0c6a4-14a1-48ed-8177-e746420f0522','2015-05-28 16:53:09',NULL,NULL,'confirmed','0e75c613-2643-4b56-bc8c-e96ef5909ef7','2015-05-28 11:23:13'),(207,'98534599017','e3e5a3b4-0d2b-409b-8a33-c4d71543869a','2015-05-28 16:53:10',NULL,NULL,'confirmed','c310c66a-a541-4aa8-aa05-7b1b7d7da379','2015-05-28 11:23:13'),(208,'98534599017','830670bf-6b22-4063-9d3b-4d7c29749108','2015-05-28 16:53:10',NULL,NULL,'confirmed','84340341-3908-4951-bc39-4753bac40631','2015-05-28 11:23:13'),(209,'98534598688','7dda9f3c-b1dd-4b9c-abee-389c3ea7ebbe','2015-05-28 16:53:13',NULL,NULL,'confirmed','805d649e-a857-4715-bf11-806b0723f0a1','2015-05-28 11:23:13'),(210,'98534598860','0c510b1f-dab6-4393-8aed-2b804620c8e4','2015-05-28 16:53:13',NULL,NULL,'confirmed','6b60fae9-7bb5-474a-8a36-fc0f0732bbf3','2015-05-28 11:23:23'),(211,'98534598860','b1eb7073-a7b2-454d-aee5-a8084f12a6fa','2015-05-28 16:53:13',NULL,NULL,'confirmed','ddf4338f-f4a1-4671-98e6-31e9865bb5fc','2015-05-28 11:23:23'),(212,'98534599611','76651863-dcd4-4a6b-9151-a7f610289572','2015-05-28 16:53:14',NULL,NULL,'confirmed','ff59d733-fd10-41f3-9f84-95e0ec2a723c','2015-05-28 11:23:23'),(213,'98534599611','b67c6536-5909-41ed-b9e1-b30d92902953','2015-05-28 16:53:14',NULL,NULL,'confirmed','10c9f36c-8f8e-4ad8-baff-e51f6ce66b33','2015-05-28 11:23:23'),(214,'98534599215','1ae8820b-d399-47b6-a83c-7d479f46aea3','2015-05-28 16:53:56',NULL,NULL,'confirmed','68292b5c-cc65-4316-a3ef-79be31454aec','2015-05-28 11:24:04'),(215,'98534599116','4326412b-a365-41bb-83da-d6f56662e5eb','2015-05-28 16:53:57',NULL,NULL,'confirmed','ac046e91-2d97-491f-8551-d172321f86fa','2015-05-28 11:24:04'),(216,'98534599116','a3fb0f34-01b5-4f45-9b8e-527c8a1df2bd','2015-05-28 16:53:57',NULL,NULL,'confirmed','de6f0600-1f96-401f-9ffa-47c0735ab0a3','2015-05-28 11:24:04'),(217,'98534599629','524845a2-24c5-4d0d-8b9d-05bbe4faa437','2015-05-28 16:53:58',NULL,NULL,'confirmed','1d530973-a572-4e69-b65b-b4bd2d590455','2015-05-28 11:24:04'),(218,'98534598720','311df9f7-548c-4634-b8d0-2c48302dba0c','2015-05-28 16:53:58',NULL,NULL,'confirmed','2cebac82-9f2e-44f2-b26f-23d63e7f4099','2015-05-28 11:24:04'),(219,'98534598720','eb99efcb-e6a1-4987-acc6-fb7221335f01','2015-05-28 16:53:58',NULL,NULL,'confirmed','56290e62-473f-47ed-a573-86efc2694175','2015-05-28 11:24:04'),(220,'98535151800','c3137da5-c4f7-411c-99cf-1efd0a4457e4','2015-05-28 17:46:58',NULL,NULL,'confirmed','ab41ce76-733e-4e12-aefd-914edd95016f','2015-06-02 05:05:13'),(221,'98535152386','3a65aaa5-58bd-4394-bb15-dd1354b5a432','2015-05-28 17:46:59',NULL,NULL,'confirmed','2c7a8487-41a8-4468-99bf-443b322b6164','2015-06-02 05:05:14'),(222,'98535151750','bcf7ea06-d510-45bb-acb4-7ce4d80d29af','2015-05-28 17:47:00',NULL,NULL,'confirmed','963c92a0-e880-4854-92e9-ca6281e1e5d3','2015-06-02 05:05:14'),(223,'98535151750','bac1a159-1812-4582-aa54-a1d2b19c9bcb','2015-05-28 17:47:00',NULL,NULL,'confirmed','acbb5cf3-1b78-43ac-b7a2-2d9d83ed494a','2015-06-02 05:05:14'),(224,'98535151982','881e0fe8-a0ca-4523-948c-0b9adb5bc505','2015-05-28 17:47:00',NULL,NULL,'confirmed','e9e08fc6-cac7-4a82-b4d7-128e355ea632','2015-06-02 05:05:14'),(225,'98535152048','45f3eda5-a0bd-4836-a136-b83dd96d0c38','2015-05-28 17:47:01',NULL,NULL,'confirmed','4aab6616-8be8-4c31-81da-8054db98caeb','2015-06-02 05:05:14'),(226,'98535152048','8e3d554a-8e6d-4d98-99dc-77cc1730f5f3','2015-05-28 17:47:01',NULL,NULL,'confirmed','426a7d4b-d2bf-4523-9513-6ab05f4d4722','2015-06-02 05:05:14'),(227,'98535151529','441146e2-0c5c-4fc7-8599-4a60ad9edde4','2015-05-28 17:47:04',NULL,NULL,'confirmed','142642b2-634e-4b34-a694-eb335f364d24','2015-06-02 05:05:14'),(228,'98535151685','55251f28-d2b6-416b-b8cb-d52d2bc5bdd0','2015-05-28 17:47:04',NULL,NULL,'confirmed','f51a9495-ec31-4ec8-8cf6-12835729fd16','2015-06-02 05:05:14'),(229,'98535151685','df081b98-74da-4773-a16a-749b5b37019c','2015-05-28 17:47:04',NULL,NULL,'confirmed','cc94c39f-73d4-4495-a82d-a0d169ff40cb','2015-06-02 05:05:14'),(230,'98535152279','d2259796-1033-4155-92d0-0508c41bb208','2015-05-28 17:47:05',NULL,NULL,'confirmed','3c1d02e6-a5de-4738-8620-8e0da5e65a30','2015-06-02 05:05:14'),(231,'98535152279','01292170-8e14-4418-a678-15930d44e113','2015-05-28 17:47:05',NULL,NULL,'confirmed','98275574-12db-41d7-a6c5-0222c968d56c','2015-06-02 05:05:14'),(232,'98535152212','839ce9ac-b95d-4541-89bf-c6c831a9772f','2015-05-28 17:47:53',NULL,NULL,'confirmed','b9033dca-e26a-4ff0-8409-6f619bf0ab08','2015-06-02 05:05:15'),(233,'98535151651','45dfa50e-965a-4a74-babb-e5e53dbedb83','2015-05-28 17:47:54',NULL,NULL,'confirmed','56529644-87f2-4a3a-8900-f9944b72eeec','2015-06-02 05:05:15'),(234,'98535151651','2827467d-6828-444e-b0a9-e8535d8d9a62','2015-05-28 17:47:54',NULL,NULL,'confirmed','633a95b1-79dd-4197-8610-90557af65b27','2015-06-02 05:05:15'),(235,'98535151628','cf285aff-193b-4d71-9e94-e18f3f2eab94','2015-05-28 17:47:55',NULL,NULL,'confirmed','bee30fe6-00c7-4dc9-b48b-7b2b8421d490','2015-06-02 05:05:15'),(236,'98535152121','2af703ba-e009-437c-ace1-b149724101c4','2015-05-28 17:47:55',NULL,NULL,'confirmed','a4860c96-4379-42c5-85ab-e36b1c587b31','2015-06-02 05:05:15'),(237,'98535152121','d1fed653-56e8-46f8-9d95-716c20aa9b01','2015-05-28 17:47:55',NULL,NULL,'confirmed','9e586909-c263-48d3-b457-86e166591608','2015-06-02 05:05:15'),(238,'98548075129','6b9ca726-6bee-43c5-ab76-d478ffe517fb','2015-05-29 14:49:50',NULL,NULL,'confirmed','87df1cee-645c-4725-b4a6-6a2b3e912a69','2015-06-02 05:05:15'),(239,'98548075012','c9863e00-0976-423b-b426-91f2ee8adb38','2015-05-29 14:49:51',NULL,NULL,'confirmed','552027a4-ff6c-4779-884f-fd4690f2bf02','2015-06-02 05:05:15'),(240,'98548075426','e26b3904-f799-4cbe-a29e-95c8d57afe23','2015-05-29 14:49:52',NULL,NULL,'confirmed','ce4e8090-2861-4a36-86a6-c4004d857ff1','2015-06-02 05:05:15'),(241,'98548075426','5cd6ee89-6f3f-4410-8db2-8a89c164f74f','2015-05-29 14:49:52',NULL,NULL,'confirmed','2c64b6fa-146d-4d73-ba46-36c10e7b038a','2015-06-02 05:05:15'),(242,'98548074643','71f9615f-de2e-4ea5-ba14-b8de76e0a4d0','2015-05-29 14:49:53',NULL,NULL,'confirmed','f213e896-078e-4d00-9fb9-dfdacf13eb26','2015-06-02 05:05:15'),(243,'98548075293','4f652ac2-720f-492d-be47-5c3bf0a7ef81','2015-05-29 14:49:54',NULL,NULL,'confirmed','8b6ff905-e2a8-4558-a3d9-e141bb048974','2015-06-02 05:05:16'),(244,'98548075293','1acda8f2-7670-4924-9234-d6b3f5b3fff3','2015-05-29 14:49:54',NULL,NULL,'confirmed','97ca55bd-6efe-4b3d-9536-4dcc9ba314fe','2015-06-02 05:05:16'),(245,'98548084899','d8379a27-8834-4f0b-8c26-d4bc29d6284d','2015-05-29 14:49:57',NULL,NULL,'confirmed','70c31f99-a207-4a9a-b549-29ab27e07224','2015-06-02 05:05:16'),(246,'98548085490','b0c29729-24df-4cf9-9a3c-154b48870523','2015-05-29 14:49:57',NULL,NULL,'confirmed','5f351021-2cd1-4169-80b3-7f796503f247','2015-06-02 05:05:16'),(247,'98548085490','6d574a12-f48e-4c4d-a54a-3f52ad60de95','2015-05-29 14:49:57',NULL,NULL,'confirmed','fe746cf4-23f8-45a4-ac7d-71f044e9be5f','2015-06-02 05:05:16'),(248,'98548085482','351df010-3023-45e8-a85e-e32081309706','2015-05-29 14:49:58',NULL,NULL,'confirmed','ddec74db-fdd1-4d75-b9f8-bac597e63e40','2015-06-02 05:05:16'),(249,'98548085482','753141f2-cabf-41f7-bb8c-50e2314ae127','2015-05-29 14:49:58',NULL,NULL,'confirmed','c42751c4-aea8-410e-96f4-67a3db76eb12','2015-06-02 05:05:16'),(250,'98548085573','6556d463-4a2a-47ef-b39a-e281d9eca7b1','2015-05-29 14:50:46',NULL,NULL,'confirmed','8498796a-fb60-4882-af88-bccaf81d2c9f','2015-06-02 05:05:16'),(251,'98548085060','7dcd92f8-681f-4f30-b5ab-cc7c76b094d9','2015-05-29 14:50:47',NULL,NULL,'confirmed','3154f74e-cbd5-4533-b04c-e51c373831be','2015-06-02 05:05:16'),(252,'98548085060','ec86cab2-8118-4357-b426-770063543aa0','2015-05-29 14:50:47',NULL,NULL,'confirmed','2bcdd244-8a7f-43b5-b0da-95626300349f','2015-06-02 05:05:16'),(253,'98548085680','c1381788-3ae3-4c54-a565-b7d49e10aa69','2015-05-29 14:50:48',NULL,NULL,'confirmed','5ae38dc9-dad7-4b2a-9219-8683ae735b28','2015-06-02 05:05:16'),(254,'98548084642','35e2b470-294c-4105-96bc-0797904b4e0e','2015-05-29 14:50:48',NULL,NULL,'confirmed','3979bd76-9183-4d71-9023-ac23f395162b','2015-06-02 05:05:16'),(255,'98548084642','4d2b9193-ae9d-4cae-8bd4-c5dd3e02fbf0','2015-05-29 14:50:48',NULL,NULL,'confirmed','03f7ed0b-e480-4151-8add-fbba66de079e','2015-06-02 05:05:16'),(256,'98548627762','cf13833f-ebb2-4f88-bb61-bfe740d805cb','2015-05-29 15:43:32',NULL,NULL,'confirmed','3d2e6d84-a75b-492f-8867-b1e817ed900f','2015-06-02 05:05:16'),(257,'98548627671','f6ed9497-1ef5-4c3a-8314-c02adfc317c5','2015-05-29 15:43:33',NULL,NULL,'confirmed','542e5d0e-37f0-494f-8626-a4e3cf0f1d71','2015-06-02 05:05:16'),(258,'98548627465','52bea4d2-89d5-4740-99f1-66284b3d97aa','2015-05-29 15:43:34',NULL,NULL,'confirmed','15f26418-1b42-4781-bc28-2bbbce6ef38d','2015-06-02 05:05:16'),(259,'98548627465','3202cfe7-4e17-435d-b51e-ae8725596495','2015-05-29 15:43:34',NULL,NULL,'confirmed','eccc62c4-ce55-4521-8840-19903cf30835','2015-06-02 05:05:16'),(260,'98548628307','26e83bd3-e222-42bc-8482-f958897ed185','2015-05-29 15:43:34',NULL,NULL,'confirmed','f58fb7f8-9b6e-4f21-aeb5-698995b400d9','2015-06-02 05:05:16'),(261,'98548628406','bd428cd5-ad9d-4b4e-b24d-c50afae412d9','2015-05-29 15:43:35',NULL,NULL,'confirmed','af4c011f-bafc-433e-a695-cb4be92b7e03','2015-06-02 05:05:17'),(262,'98548628406','47c2f9ce-6ccb-4d36-9589-68a53df4d1ce','2015-05-29 15:43:35',NULL,NULL,'confirmed','4b122d26-5ed3-42aa-be4e-35f80ebd92ec','2015-06-02 05:05:17'),(263,'98548627655','cc35e1a3-d092-421b-8f38-100e4905e922','2015-05-29 15:43:38',NULL,NULL,'confirmed','8c15a56c-6893-4219-b0b1-d794bd14b9cb','2015-06-02 05:05:17'),(264,'98548627416','ffb99b06-f51a-4886-93d7-257796964737','2015-05-29 15:43:39',NULL,NULL,'confirmed','84c6a370-8208-470e-8a2c-4c81ae910879','2015-06-02 05:05:17'),(265,'98548627416','e5ebf025-eab7-4a4a-94c8-e3b58e6d1498','2015-05-29 15:43:39',NULL,NULL,'confirmed','ca3853a2-2816-4f3c-ade6-3a6be05f49ec','2015-06-02 05:05:17'),(266,'98548628448','7e4d5741-2a2e-46ce-b030-8dc38a79402d','2015-05-29 15:43:40',NULL,NULL,'confirmed','28ad40c3-8e9a-4b33-8319-cfb14f74c8ee','2015-06-02 05:05:17'),(267,'98548628448','24be6559-4d67-437d-ae88-5b8799e3cc3e','2015-05-29 15:43:40',NULL,NULL,'confirmed','e086ad7e-1257-47df-ad9d-ce5996d2dced','2015-06-02 05:05:17'),(268,'98548637555','dad79bf6-cd11-45b2-887e-5b50285be0f7','2015-05-29 15:44:20',NULL,NULL,'confirmed','2ce9c3ba-c705-4ae6-8c7d-ffdfa8bdf090','2015-06-02 05:05:17'),(269,'98548637969','2d7229be-f6fe-4ca6-a6f1-559343b2927d','2015-05-29 15:44:21',NULL,NULL,'confirmed','acb456e0-9378-446b-ba28-3306c9c84582','2015-06-02 05:05:17'),(270,'98548637969','16e2c1b2-b43c-4c88-be6e-93cb112e0c75','2015-05-29 15:44:21',NULL,NULL,'confirmed','6a1d0cb4-4f9e-49e6-8b57-95c86b960e49','2015-06-02 05:05:17'),(271,'98548638306','9b351ad2-334a-42de-b41b-780d7b8e3077','2015-05-29 15:44:21',NULL,NULL,'confirmed','9acc7448-08f7-4b80-a257-23ca0577f2f7','2015-06-02 05:05:18'),(272,'98548637464','795e1e1d-725b-4ecc-9a95-0d1929c55228','2015-05-29 15:44:22',NULL,NULL,'confirmed','688af85a-3989-46f8-82b0-b3d1e56db387','2015-06-02 05:05:18'),(273,'98548637464','c3a155c3-96b0-4e7a-afad-3cd412e6b6d7','2015-05-29 15:44:22',NULL,NULL,'confirmed','12e4f60b-f10a-4048-8281-81c0164a2c95','2015-06-02 05:05:18'),(274,'98549949322','98f00b9f-d787-4e1a-b8c7-2917c210406e','2015-05-29 17:52:43',NULL,NULL,'confirmed','8a71a2be-5732-4d66-bc1d-814a99abdc00','2015-06-02 05:05:18'),(275,'98549948308','de0915cd-d4b3-46e4-81bb-7d7050b47cdb','2015-05-29 17:52:44',NULL,NULL,'confirmed','7795c935-a065-42dd-98db-5ca74c46bdf9','2015-06-02 05:05:18'),(276,'98549948571','cf4194e6-0666-4f16-a0f0-f7b983862460','2015-05-29 17:52:46',NULL,NULL,'confirmed','52dcf059-ab04-4683-a627-5befaccd94d6','2015-06-02 05:05:18'),(277,'98549948571','dc5826be-0095-493f-beb3-b437ee4d3cac','2015-05-29 17:52:46',NULL,NULL,'confirmed','9ee2ba5d-f0aa-4885-a269-9e6ad6723ca5','2015-06-02 05:05:18'),(278,'98549948928','69910d1e-c450-4b33-bcc0-6872c85f5c04','2015-05-29 17:52:46',NULL,NULL,'confirmed','f980781b-18c0-43c6-bb3c-59c9f38bed1c','2015-06-02 05:05:18'),(279,'98549948217','52622f07-52e7-4523-b4cb-a81a9069e715','2015-05-29 17:52:47',NULL,NULL,'confirmed','aab346ab-81d8-4698-9fd4-0e03373f0c71','2015-06-02 05:05:18'),(280,'98549948217','86663e50-0024-44c1-8bc9-a070a20f3a4a','2015-05-29 17:52:47',NULL,NULL,'confirmed','d96e8969-90cc-4fe3-9724-94959ea5ecbd','2015-06-02 05:05:18'),(281,'98549948803','7627dce7-e505-4c31-ba7d-e87a63524e63','2015-05-29 17:52:50',NULL,NULL,'confirmed','81453e44-a023-4a17-9cc4-81220538c5b8','2015-06-02 05:05:18'),(282,'98549949140','850e65b2-2727-4701-b02c-56ba6d490ecb','2015-05-29 17:52:51',NULL,NULL,'confirmed','824ab541-5619-4dc3-8d8e-29e26f3fcd93','2015-06-02 05:05:19'),(283,'98549949140','82d5e46d-b8ac-4c61-b009-6a43fe19f966','2015-05-29 17:52:51',NULL,NULL,'confirmed','42e7819e-715e-411e-8f85-fb3c27971b58','2015-06-02 05:05:19'),(284,'98549949413','d755c8de-6685-4e2b-9ff8-f1602fe5a364','2015-05-29 17:52:52',NULL,NULL,'confirmed','adf6a055-a23f-4027-b129-82b9959284dc','2015-06-02 05:05:19'),(285,'98549949413','9ed83cf4-3dad-40df-8052-62f0aa3bcadd','2015-05-29 17:52:52',NULL,NULL,'confirmed','2beb5893-addf-437c-8772-d26f7f38d358','2015-06-02 05:05:19'),(286,'98549959115','c042f0e3-45be-45ed-8a2a-0602c61e82d6','2015-05-29 17:53:39',NULL,NULL,'confirmed','1feebda6-00d7-43b3-b0df-12fb6f085ac6','2015-06-02 05:05:19'),(287,'98549958737','dba137b5-5f8d-49fe-b2ba-7ece496028dc','2015-05-29 17:53:40',NULL,NULL,'confirmed','cd1120b9-5364-490d-a611-1c0d8901a3c0','2015-06-02 05:05:19'),(288,'98549958737','a9f281ef-af11-4fd0-bd88-4f2f38a0b0d7','2015-05-29 17:53:40',NULL,NULL,'confirmed','ff469a26-8984-461d-aca9-f2c12de45c81','2015-06-02 05:05:19'),(289,'98549959503','24fc2eb0-29c8-4533-8c19-27e58e17ae6e','2015-05-29 17:53:40',NULL,NULL,'confirmed','cb4c5632-3da9-4172-93e0-e76a3c4039a4','2015-06-02 05:05:19'),(290,'98549959057','f113baa9-49f6-46b8-a623-4fae24a7b6a7','2015-05-29 17:53:41',NULL,NULL,'confirmed','f533fad5-20c2-4213-878e-82c5b457f383','2015-06-02 05:05:19'),(291,'98549959057','00581061-a895-4083-8ac2-c0e3d9c7015d','2015-05-29 17:53:41',NULL,NULL,'confirmed','66438245-9895-4d88-b3fd-90e0027f5ce4','2015-06-02 05:05:19'),(292,'98550174232','9d24127b-f526-4861-a637-d4411cae3c91','2015-05-29 18:14:49',NULL,NULL,'confirmed','51cf5c5a-b72f-4c20-bab4-084c9be582a0','2015-06-02 05:05:19'),(293,'98550174133','7d0d75c8-312b-4439-904f-c3adcb87ed12','2015-05-29 18:14:51',NULL,NULL,'confirmed','534da3f7-ac9a-4490-b4cd-fb2de7bd97f1','2015-06-02 05:05:19'),(294,'98550173754','9b58e46c-084a-453f-a0a4-00f99f98c7a4','2015-05-29 18:14:52',NULL,NULL,'confirmed','1fcc51a8-7244-4c27-b1c0-bf5249ded534','2015-06-02 05:05:19'),(295,'98550173754','4bb08696-532d-4271-9eec-c4bd9eb2351b','2015-05-29 18:14:52',NULL,NULL,'confirmed','7a0b0627-a90d-4c8e-a1e8-167a2c4d4930','2015-06-02 05:05:19'),(296,'98550173499','bd2591c3-4673-4110-82f0-138c2ab2b844','2015-05-29 18:14:53',NULL,NULL,'confirmed','c830d7ba-a513-4916-86ae-46af99e4932f','2015-06-02 05:05:19'),(297,'98550174190','a7daf090-0563-4978-8bc1-8cb056afb00b','2015-05-29 18:14:54',NULL,NULL,'confirmed','5f1bdde2-6235-4aec-9277-d59a65b8a634','2015-06-02 05:05:19'),(298,'98550174190','830b5c43-093a-4461-85ea-add3de026f25','2015-05-29 18:14:54',NULL,NULL,'confirmed','c8ce241d-5fa8-4fcb-b52a-59dd45093d49','2015-06-02 05:05:19'),(299,'98550184447','02da4ab4-e14b-4375-ba2b-698a9d80e538','2015-05-29 18:14:57',NULL,NULL,'confirmed','b2938793-df6c-4b38-813d-a39a4f931689','2015-06-02 05:05:19'),(300,'98550184918','6dcdb43f-0b41-48c8-bc77-8ced6530bba6','2015-05-29 18:14:58',NULL,NULL,'confirmed','df9d9d09-7149-4ba8-bcad-c87606d8af79','2015-06-02 05:05:19'),(301,'98550184918','fc56325b-1936-4d12-be63-8157311431bd','2015-05-29 18:14:58',NULL,NULL,'confirmed','ba7d05c3-5482-41e3-bb74-1f8b8a75ca06','2015-06-02 05:05:19'),(302,'98550184595','04d915df-2aa7-47c4-abe1-2f29e531ed0e','2015-05-29 18:14:59',NULL,NULL,'confirmed','4476efdc-088d-467d-87a2-f539cf703365','2015-06-02 05:05:19'),(303,'98550184595','9ac13af9-ca40-414d-a825-367d1cdb07cd','2015-05-29 18:14:59',NULL,NULL,'confirmed','9144b102-5324-4ded-9dc9-808558762c24','2015-06-02 05:05:20'),(304,'98621475816','dcc7f82a-9b0d-4f5b-9052-90471638d0b6','2015-06-03 14:17:57',NULL,'676ffceb-dac1-4caa-b76d-be1e6816094e','confirmed','9450dae1-702e-486b-84b0-8eca7d565c69','2015-06-03 08:48:05'),(305,'98621486037','d76e3cfb-eb5c-4ec6-bc47-da7741472a65','2015-06-03 14:17:59',NULL,'676ffceb-dac1-4caa-b76d-be1e6816094e','confirmed','c5e78fa7-023c-44db-93fb-c17d7803f7ba','2015-06-03 08:48:05'),(306,'98621486037','62fd2850-517e-4154-9cd5-b84c06dfc888','2015-06-03 14:17:59',NULL,'676ffceb-dac1-4caa-b76d-be1e6816094e','confirmed','8f7f4a35-c70a-4a0e-992e-7ceec628f5e7','2015-06-03 08:48:05'),(307,'98621485062','5d2187cc-ee8c-40d6-ba56-28d3fad60419','2015-06-03 14:18:00',NULL,'676ffceb-dac1-4caa-b76d-be1e6816094e','confirmed','25193c89-bb95-4141-87d9-b12ee9917ddf','2015-06-03 08:48:05'),(308,'98621485823','304d0e09-e503-48f7-9400-0283e4b03d5a','2015-06-03 14:18:01',NULL,'676ffceb-dac1-4caa-b76d-be1e6816094e','confirmed','0c58c53a-32a0-4558-845a-f2de569da613','2015-06-03 08:48:05'),(309,'98621485823','06fefbd5-6e54-4051-80c0-701b03cc668a','2015-06-03 14:18:01',NULL,'676ffceb-dac1-4caa-b76d-be1e6816094e','confirmed','f3399457-ac7d-42f7-8f4a-83936b21ee89','2015-06-03 08:48:05'),(310,'98621485005','2a60c08d-4bb6-4ea7-ab93-6b51d47e6e74','2015-06-03 14:18:03',NULL,'676ffceb-dac1-4caa-b76d-be1e6816094e','confirmed','e6337919-56eb-490e-bc84-b4ab95f6b0d4','2015-06-03 08:48:06'),(311,'98621485641','57b958b9-f4e8-4efa-bc10-a9bbac2cd3d8','2015-06-03 14:18:04',NULL,'676ffceb-dac1-4caa-b76d-be1e6816094e','confirmed','7d330930-adc6-4187-8baa-d10bf54d699f','2015-06-03 08:48:16'),(312,'98621485641','bf8ad7d1-e5f9-4f9c-bfcc-e0154ae2f584','2015-06-03 14:18:04',NULL,'676ffceb-dac1-4caa-b76d-be1e6816094e','confirmed','b083ba63-ae08-4031-a1d7-b33559645ed8','2015-06-03 08:48:16'),(313,'98621485377','022f8a4e-92fb-425d-80c8-215eb04ef7d8','2015-06-03 14:18:05',NULL,'676ffceb-dac1-4caa-b76d-be1e6816094e','confirmed','9370cc2f-e25d-42bd-b673-fc4e1a882a29','2015-06-03 08:48:16'),(314,'98621485377','bbb1b301-ceb5-499f-b12c-3b3cfd7384c8','2015-06-03 14:18:05',NULL,'676ffceb-dac1-4caa-b76d-be1e6816094e','confirmed','ebcc23b6-3ce1-4e2e-a479-bb76da3fe317','2015-06-03 08:48:16'),(315,'98621485930','b7a820d4-67d8-47c4-b96e-a022493dc678','2015-06-03 14:18:56',NULL,'676ffceb-dac1-4caa-b76d-be1e6816094e','confirmed','6c0b2edd-0205-467b-8529-68d17354ad35','2015-06-03 08:49:06'),(316,'98621486029','07ab85a9-85f3-4f6f-b39d-73f455a2fe9e','2015-06-03 14:18:57',NULL,'676ffceb-dac1-4caa-b76d-be1e6816094e','confirmed','177928bf-d395-4cef-8841-f4d270837924','2015-06-03 08:49:06'),(317,'98621486029','004b4c50-1014-4ead-a43e-ffb8423824fb','2015-06-03 14:18:57',NULL,'676ffceb-dac1-4caa-b76d-be1e6816094e','confirmed','464e513d-37bc-4ba4-9fe4-8004bb18cb76','2015-06-03 08:49:06'),(318,'98621485732','65bc61c7-8a96-462d-97fa-ccd22241cd8c','2015-06-03 14:18:58',NULL,'676ffceb-dac1-4caa-b76d-be1e6816094e','confirmed','7689e155-605f-4607-8757-83069c02892d','2015-06-03 08:49:07'),(319,'98621495095','5a19b15c-b745-42df-9a2e-20be08a125f4','2015-06-03 14:18:58',NULL,'676ffceb-dac1-4caa-b76d-be1e6816094e','confirmed','12d18694-da1e-4caf-ae3b-f7ce94dfa747','2015-06-03 08:49:07'),(320,'98621495095','a30b499f-db8d-447c-bb16-de27a9d19b92','2015-06-03 14:18:58',NULL,'676ffceb-dac1-4caa-b76d-be1e6816094e','confirmed','b1dc20d5-4aa0-4b52-922f-f2c844b1b840','2015-06-03 08:49:07'),(321,'98621669731','aa712a29-bc55-4770-a572-12b449f8349c','2015-06-03 14:36:21',NULL,'676ffceb-dac1-4caa-b76d-be1e6816094e','confirmed','3277dbbf-3b89-47a0-a29c-c6dbd6ead4b7','2015-06-03 09:06:33'),(322,'98621669236','4f2b797b-b3e3-4159-9ca3-a72d74946aef','2015-06-03 14:36:22',NULL,'676ffceb-dac1-4caa-b76d-be1e6816094e','confirmed','08ce6a8f-b0bc-4154-ad41-2116145a9e3e','2015-06-03 09:06:33'),(323,'98621669236','023de49f-0a94-42db-9ded-bd39757569c4','2015-06-03 14:36:22',NULL,'676ffceb-dac1-4caa-b76d-be1e6816094e','confirmed','cdb5106c-34bc-42cb-8607-bf09bf3c572b','2015-06-03 09:06:33'),(324,'98621669392','456ef96c-a6c0-4183-8395-39813075e1e3','2015-06-03 14:36:23',NULL,'676ffceb-dac1-4caa-b76d-be1e6816094e','confirmed','a6580135-62ed-4813-bbd6-9b85aa0fd047','2015-06-03 09:06:33'),(325,'98621670168','ade5d5b0-f608-479c-bfeb-d23b9f692711','2015-06-03 14:36:24',NULL,'676ffceb-dac1-4caa-b76d-be1e6816094e','confirmed','670f89bb-0716-49d7-89d5-d7714a24f546','2015-06-03 09:06:33'),(326,'98621670168','f5dac2d2-87f5-484e-a0a5-0a31c41daf3d','2015-06-03 14:36:24',NULL,'676ffceb-dac1-4caa-b76d-be1e6816094e','confirmed','112a6a3f-7bcf-4ed9-96c3-0f62380c73aa','2015-06-03 09:06:33'),(327,'98621669368','f724870e-725f-48a1-a438-22f97bcc972c','2015-06-03 14:36:27',NULL,'676ffceb-dac1-4caa-b76d-be1e6816094e','confirmed','02a2dae7-3749-44d8-9235-ef0191a7674d','2015-06-03 09:06:33'),(328,'98621669715','93963a04-76ed-402d-8231-88db46091a6b','2015-06-03 14:36:28',NULL,'676ffceb-dac1-4caa-b76d-be1e6816094e','confirmed','6518277e-c002-4f05-bf85-f36020ba3d0c','2015-06-03 09:06:34'),(329,'98621669715','c42b9e92-8704-4ba3-898f-361fdca98a3c','2015-06-03 14:36:28',NULL,'676ffceb-dac1-4caa-b76d-be1e6816094e','confirmed','15fcc6d8-ebfe-4358-9491-d578279fc6b8','2015-06-03 09:06:34'),(330,'98621669921','87e08b59-6ff4-41dc-bf75-0b23443c3f3f','2015-06-03 14:36:28',NULL,'676ffceb-dac1-4caa-b76d-be1e6816094e','confirmed','3def69ee-8ad0-4bfb-8951-86defea13d38','2015-06-03 09:06:34'),(331,'98621669921','f3fab341-8ef9-45da-9caf-739c1335d7e3','2015-06-03 14:36:28',NULL,'676ffceb-dac1-4caa-b76d-be1e6816094e','confirmed','68c75c61-41c6-4ef4-9cd2-b075f52778e9','2015-06-03 09:06:34'),(332,'98621700338','0908f6b7-f4a0-4718-8c4f-e8e3e43aac87','2015-06-03 14:39:29',NULL,'676ffceb-dac1-4caa-b76d-be1e6816094e','confirmed','67e5c924-7359-4505-a3ba-6104ea581645','2015-06-03 09:09:36'),(333,'98621699860','fde179f9-81a4-46b9-8335-184c411db176','2015-06-03 14:39:29',NULL,'676ffceb-dac1-4caa-b76d-be1e6816094e','confirmed','ca436cd7-0d66-4a28-a0da-cd28e4eb0718','2015-06-03 09:09:36'),(334,'98621699860','88795887-8cc3-4a81-bb54-d0b8f8906448','2015-06-03 14:39:29',NULL,'676ffceb-dac1-4caa-b76d-be1e6816094e','confirmed','81e75c14-dda6-4885-8e24-891bbc005d30','2015-06-03 09:09:36'),(335,'98621700221','442bdf52-285d-4dfc-bf17-14e28d0d84a3','2015-06-03 14:39:30',NULL,'676ffceb-dac1-4caa-b76d-be1e6816094e','confirmed','3c6b8304-7213-4f8b-b6fa-0d09ebcd0283','2015-06-03 09:09:36'),(336,'98621701062','cc43647c-3b43-4774-8738-ea8f818d94fd','2015-06-03 14:39:31',NULL,'676ffceb-dac1-4caa-b76d-be1e6816094e','confirmed','9f37b5f1-4810-45d7-abcd-e33bbff7567f','2015-06-03 09:09:36'),(337,'98621701062','1cae52ed-7cb4-421c-b76f-b3091935ce92','2015-06-03 14:39:31',NULL,'676ffceb-dac1-4caa-b76d-be1e6816094e','confirmed','d107c0f6-8929-4495-a34e-1f3a62a5e560','2015-06-03 09:09:36');
/*!40000 ALTER TABLE `diagnosis` ENABLE KEYS */;
UNLOCK TABLES;

--
-- Table structure for table `drug`
--

DROP TABLE IF EXISTS `drug`;
/*!40101 SET @saved_cs_client     = @@character_set_client */;
/*!40101 SET character_set_client = utf8 */;
CREATE TABLE `drug` (
  `drug_uuid` varchar(50) DEFAULT NULL,
  `concept_uuid` varchar(50) DEFAULT NULL,
  `name` varchar(255) DEFAULT NULL,
  `reference_term_uuid` varchar(255) DEFAULT NULL,
  `created_at` datetime DEFAULT CURRENT_TIMESTAMP,
  `updated_at` datetime DEFAULT CURRENT_TIMESTAMP
) ENGINE=InnoDB DEFAULT CHARSET=utf8;
/*!40101 SET character_set_client = @saved_cs_client */;

--
-- Dumping data for table `drug`
--

LOCK TABLES `drug` WRITE;
/*!40000 ALTER TABLE `drug` DISABLE KEYS */;
/*!40000 ALTER TABLE `drug` ENABLE KEYS */;
UNLOCK TABLES;

--
-- Table structure for table `encounter`
--

DROP TABLE IF EXISTS `encounter`;
/*!40101 SET @saved_cs_client     = @@character_set_client */;
/*!40101 SET character_set_client = utf8 */;
CREATE TABLE `encounter` (
  `encounter_id` varchar(50) NOT NULL,
  `encounter_datetime` datetime DEFAULT NULL,
  `encounter_type` varchar(30) DEFAULT NULL,
  `visit_type` varchar(30) DEFAULT NULL,
  `patient_hid` varchar(20) DEFAULT NULL,
  `patient_age_years` int(11) DEFAULT NULL,
  `patient_age_months` int(11) DEFAULT NULL,
  `patient_age_days` int(11) DEFAULT NULL,
  `encounter_location_id` varchar(20) DEFAULT NULL,
  `facility_id` varchar(20) DEFAULT NULL,
  `created_at` timestamp NULL DEFAULT CURRENT_TIMESTAMP,
  PRIMARY KEY (`encounter_id`)
) ENGINE=InnoDB DEFAULT CHARSET=utf8;
/*!40101 SET character_set_client = @saved_cs_client */;

--
-- Dumping data for table `encounter`
--

LOCK TABLES `encounter` WRITE;
/*!40000 ALTER TABLE `encounter` DISABLE KEYS */;
INSERT INTO `encounter` VALUES ('002b653f-d344-4be4-8e39-b34286fb738a','2015-05-27 11:22:07','Consultation','outpatient','98516463943',15,182,5565,'302618','10000069','2015-05-27 05:52:18'),('004b4c50-1014-4ead-a43e-ffb8423824fb','2015-06-03 14:18:57','Consultation','outpatient','98621486029',15,183,5572,'302618','10000069','2015-06-03 08:49:06'),('00581061-a895-4083-8ac2-c0e3d9c7015d','2015-05-29 17:53:41','Consultation','outpatient','98549959057',15,182,5567,'302618','10000069','2015-06-02 05:05:19'),('007f9cd0-2e42-43ba-969c-7e8e9c955276','2015-05-26 15:32:25','Consultation','outpatient','98504277818',15,182,5564,'302618','10000069','2015-05-26 10:02:27'),('00c2a84f-b879-4287-bed1-f70b75410752','2015-05-28 10:35:15','Consultation','outpatient','98530728727',15,182,5566,'302618','10000069','2015-05-28 05:05:26'),('01292170-8e14-4418-a678-15930d44e113','2015-05-28 17:47:05','Consultation','outpatient','98535152279',15,182,5566,'302618','10000069','2015-06-02 05:05:14'),('012c6ddd-3d44-4b31-9b97-4399768f7025','2015-05-28 10:35:12','Consultation','outpatient','98530728008',15,182,5566,'302618','10000069','2015-05-28 05:05:16'),('022f8a4e-92fb-425d-80c8-215eb04ef7d8','2015-06-03 14:18:05','Consultation','outpatient','98621485377',15,183,5572,'302618','10000069','2015-06-03 08:48:16'),('023de49f-0a94-42db-9ded-bd39757569c4','2015-06-03 14:36:22','Consultation','outpatient','98621669236',15,183,5572,'302618','10000069','2015-06-03 09:06:33'),('02da4ab4-e14b-4375-ba2b-698a9d80e538','2015-05-29 18:14:57','Consultation','outpatient','98550184447',15,182,5567,'302618','10000069','2015-06-02 05:05:19'),('02e82375-cf2c-4132-8c53-d02d3af9d779','2015-05-28 10:57:22','Consultation','outpatient','98530954083',15,182,5566,'302618','10000069','2015-05-28 05:27:26'),('032d0aae-8d69-4df2-a950-37cb1091f9ab','2015-05-20 11:28:03','Consultation','outpatient','98413306450',15,182,5558,'302618','10000069','2015-05-20 05:58:45'),('0495fb84-8e3c-4945-8e15-12a568a4a3f7','2015-05-26 15:33:16','Consultation','outpatient','98504288195',15,182,5564,'302618','10000069','2015-05-26 10:03:17'),('04d915df-2aa7-47c4-abe1-2f29e531ed0e','2015-05-29 18:14:59','Consultation','outpatient','98550184595',15,182,5567,'302618','10000069','2015-06-02 05:05:19'),('064cf665-b757-4210-8a79-1016d9f20617','2015-05-28 11:48:56','Consultation','outpatient','98531475674',15,182,5566,'302618','10000069','2015-05-28 06:19:05'),('068ab0de-2b71-4c15-8c70-7d2f1813b423','2015-05-20 11:27:56','Consultation','outpatient','98413306674',15,182,5558,'302618','10000069','2015-05-20 05:58:34'),('06c439b3-a49d-4597-9895-3c82a8665ae8','2015-05-21 18:53:44','Consultation','outpatient','98432619198',15,182,5559,'302618','10000069','2015-05-21 13:24:23'),('06fefbd5-6e54-4051-80c0-701b03cc668a','2015-06-03 14:18:01','Consultation','outpatient','98621485823',15,183,5572,'302618','10000069','2015-06-03 08:48:05'),('071ee30f-75b8-45bd-bec4-6ec1e5e4cec5','2015-05-26 18:23:44','Consultation','outpatient','98506029969',15,182,5564,'302618','10000069','2015-05-26 12:53:45'),('07ab85a9-85f3-4f6f-b39d-73f455a2fe9e','2015-06-03 14:18:57','Consultation','outpatient','98621486029',15,183,5572,'302618','10000069','2015-06-03 08:49:06'),('0869f84b-6918-4141-8fab-c743119905ea','2015-05-20 11:28:02','Consultation','outpatient','98413306245',15,182,5558,'302618','10000069','2015-05-20 05:58:45'),('08b38df6-1335-4292-aa81-60a7d322b5e0','2015-05-26 15:31:54','Consultation','outpatient','98504268106',15,182,5564,'302618','10000069','2015-05-26 10:01:55'),('08ddf767-fdc4-4f22-a346-74e7c4a29ba1','2015-05-20 11:27:57','Consultation','outpatient','98413306658',15,182,5558,'302618','10000069','2015-05-20 05:58:34'),('0908f6b7-f4a0-4718-8c4f-e8e3e43aac87','2015-06-03 14:39:29','Consultation','outpatient','98621700338',15,183,5572,'302618','10000069','2015-06-03 09:09:36'),('09b0ea87-e5d0-4cb3-a060-da603a3d5dd4','2015-05-21 13:32:14','REG','field','98429321147',25,300,9143,'302607','10019852','2015-05-21 10:54:16'),('0b574d2b-16ed-4c61-8743-f617be3b4c29','2015-05-25 14:00:55','OPD','field','98488580856',20,240,7321,'302607','10019852','2015-05-25 08:31:23'),('0b9ef0be-875a-4b7d-938a-4600d8b05201','2015-05-26 15:32:20','Consultation','outpatient','98504278733',15,182,5564,'302618','10000069','2015-05-26 10:02:26'),('0c510b1f-dab6-4393-8aed-2b804620c8e4','2015-05-28 16:53:13','Consultation','outpatient','98534598860',15,182,5566,'302618','10000069','2015-05-28 11:23:23'),('0cddf3cc-c9ff-4c12-a713-d1debe6932a3','2015-05-26 15:33:15','Consultation','outpatient','98504289185',15,182,5564,'302618','10000069','2015-05-26 10:03:17'),('0d2f352e-38cc-4efc-b572-987a3e50fb44','2015-05-28 16:53:08','Consultation','outpatient','98534598985',15,182,5566,'302618','10000069','2015-05-28 11:23:13'),('0dc0a031-aee3-4f3d-86b1-b38e971b635c','2015-05-28 11:49:05','Consultation','outpatient','98531485921',15,182,5566,'302618','10000069','2015-05-28 06:19:16'),('103c565e-32e5-45b5-9121-9d8563c7c4aa','2015-05-28 10:56:30','Consultation','outpatient','98530943268',15,182,5566,'302618','10000069','2015-05-28 05:26:34'),('129c3406-26db-4c6f-87b3-51528947f0f6','2015-05-26 18:23:47','Consultation','outpatient','98506029449',15,182,5564,'302618','10000069','2015-05-26 12:53:56'),('13200339-89ba-4289-ab6b-567edcb6addf','2015-05-28 10:34:11','Consultation','outpatient','98530718132',15,182,5566,'302618','10000069','2015-05-28 05:04:15'),('13658f8a-1066-44e4-bc59-7a590b415348','2015-05-27 11:08:10','Consultation','outpatient','98516321133',15,182,5565,'302618','10000069','2015-05-27 05:38:13'),('13d41dc8-07c5-4888-8c3c-1351f2881394','2015-05-26 15:32:22','Consultation','outpatient','98504278808',15,182,5564,'302618','10000069','2015-05-26 10:02:27'),('14516245-bed2-465c-bc1a-ec336d00e85a','2015-05-20 11:29:12','Consultation','outpatient','98413316210',15,182,5558,'302618','10000069','2015-05-20 05:59:59'),('145f06d1-1bc8-40c8-8799-8953e3de9df3','2015-05-28 10:56:36','Consultation','outpatient','98530942799',15,182,5566,'302618','10000069','2015-05-28 05:26:45'),('16e2c1b2-b43c-4c88-be6e-93cb112e0c75','2015-05-29 15:44:21','Consultation','outpatient','98548637969',15,182,5567,'302618','10000069','2015-06-02 05:05:17'),('177fc47b-ce8a-46ca-b9d6-a3bfa496f3ae','2015-05-28 10:57:20','Consultation','outpatient','98530953069',15,182,5566,'302618','10000069','2015-05-28 05:27:26'),('1acda8f2-7670-4924-9234-d6b3f5b3fff3','2015-05-29 14:49:54','Consultation','outpatient','98548075293',15,182,5567,'302618','10000069','2015-06-02 05:05:16'),('1ae8820b-d399-47b6-a83c-7d479f46aea3','2015-05-28 16:53:56','Consultation','outpatient','98534599215',15,182,5566,'302618','10000069','2015-05-28 11:24:04'),('1c1ceef9-54ff-4660-8ce1-7317eb292688','2015-05-28 10:34:03','Consultation','outpatient','98530718470',15,182,5566,'302618','10000069','2015-05-28 05:04:15'),('1c3fb43f-7306-42da-85cd-b80edf41be93','2015-05-21 18:53:48','Consultation','outpatient','98432618356',15,182,5559,'302618','10000069','2015-05-21 13:24:33'),('1c5dd7c1-dfd1-4f12-a11c-f054ae2beb1d','2015-05-28 10:56:32','Consultation','outpatient','98530943953',15,182,5566,'302618','10000069','2015-05-28 05:26:44'),('1cae52ed-7cb4-421c-b76f-b3091935ce92','2015-06-03 14:39:31','Consultation','outpatient','98621701062',15,183,5572,'302618','10000069','2015-06-03 09:09:36'),('1cf733af-a2f3-49c5-9636-cdc3c6448313','2015-05-20 11:27:58','Consultation','outpatient','98413306195',15,182,5558,'302618','10000069','2015-05-20 05:58:34'),('1dd66373-65ec-4869-b685-028635bf50b9','2015-05-27 11:21:18','Consultation','outpatient','98516453316',15,182,5565,'302618','10000069','2015-05-27 05:51:26'),('1de44c91-88b8-4856-9be2-c08e5899d9db','2015-05-28 10:56:30','Consultation','outpatient','98530943268',15,182,5566,'302618','10000069','2015-05-28 05:26:34'),('1e7ed37e-2475-4dab-b296-e095a58f3781','2015-05-27 11:22:07','Consultation','outpatient','98516464081',15,182,5565,'302618','10000069','2015-05-27 05:52:17'),('1f677115-ad3f-4061-a4a9-afc35c3790e0','2015-05-27 11:22:07','Consultation','outpatient','98516464081',15,182,5565,'302618','10000069','2015-05-27 05:52:17'),('1fbd2dc3-43c8-4a4e-b500-9083da19908c','2015-05-27 11:08:14','Consultation','outpatient','98516320317',15,182,5565,'302618','10000069','2015-05-27 05:38:24'),('23c6e3e9-262e-4d91-a7ad-f9cb2c613b69','2015-05-28 11:49:49','Consultation','outpatient','98531486440',15,182,5566,'302618','10000069','2015-05-28 06:19:57'),('24be6559-4d67-437d-ae88-5b8799e3cc3e','2015-05-29 15:43:40','Consultation','outpatient','98548628448',15,182,5567,'302618','10000069','2015-06-02 05:05:17'),('24fc2eb0-29c8-4533-8c19-27e58e17ae6e','2015-05-29 17:53:40','Consultation','outpatient','98549959503',15,182,5567,'302618','10000069','2015-06-02 05:05:19'),('2629408a-ae6b-4432-bcb4-13a94c9d273a','2015-05-28 10:56:36','Consultation','outpatient','98530943417',15,182,5566,'302618','10000069','2015-05-28 05:26:45'),('2676150a-5aac-4764-a974-5a2632621f8a','2015-05-28 10:35:15','Consultation','outpatient','98530728727',15,182,5566,'302618','10000069','2015-05-28 05:05:26'),('26e83bd3-e222-42bc-8482-f958897ed185','2015-05-29 15:43:34','Consultation','outpatient','98548628307',15,182,5567,'302618','10000069','2015-06-02 05:05:16'),('2827467d-6828-444e-b0a9-e8535d8d9a62','2015-05-28 17:47:54','Consultation','outpatient','98535151651',15,182,5566,'302618','10000069','2015-06-02 05:05:15'),('287891fb-6d23-4f8f-8a62-2c59df55dbfa','2015-05-28 15:43:13','OPD','field','98533718469',15,181,5537,'302607','10019852','2015-05-28 10:13:29'),('28d86280-6279-4d41-968a-4b3844763802','2015-05-26 18:23:42','Consultation','outpatient','98506029464',15,182,5564,'302618','10000069','2015-05-26 12:53:45'),('2a60c08d-4bb6-4ea7-ab93-6b51d47e6e74','2015-06-03 14:18:03','Consultation','outpatient','98621485005',15,183,5572,'302618','10000069','2015-06-03 08:48:06'),('2aabba48-6c0c-4104-83b9-7440e05d2681','2015-05-26 18:23:43','Consultation','outpatient','98506030009',15,182,5564,'302618','10000069','2015-05-26 12:53:45'),('2af703ba-e009-437c-ace1-b149724101c4','2015-05-28 17:47:55','Consultation','outpatient','98535152121',15,182,5566,'302618','10000069','2015-06-02 05:05:15'),('2d7229be-f6fe-4ca6-a6f1-559343b2927d','2015-05-29 15:44:21','Consultation','outpatient','98548637969',15,182,5567,'302618','10000069','2015-06-02 05:05:17'),('2f5908cc-7e45-4835-b312-68ff2f9530f4','2015-05-25 15:46:43','REG','field','98489686744',20,240,7315,'302607','10019852','2015-05-25 10:17:20'),('2f66018f-7f81-4d5c-97af-a089d0bede12','2015-05-20 11:29:10','Consultation','outpatient','98413315949',15,182,5558,'302618','10000069','2015-05-20 05:59:59'),('2f765f5f-188a-4b10-b25a-6ddafb5d3757','2015-05-21 17:03:30','REG','field','98431492175',18,216,6581,'302618','10019842','2015-05-21 11:49:16'),('304d0e09-e503-48f7-9400-0283e4b03d5a','2015-06-03 14:18:01','Consultation','outpatient','98621485823',15,183,5572,'302618','10000069','2015-06-03 08:48:05'),('311df9f7-548c-4634-b8d0-2c48302dba0c','2015-05-28 16:53:58','Consultation','outpatient','98534598720',15,182,5566,'302618','10000069','2015-05-28 11:24:04'),('3202cfe7-4e17-435d-b51e-ae8725596495','2015-05-29 15:43:34','Consultation','outpatient','98548627465',15,182,5567,'302618','10000069','2015-06-02 05:05:16'),('320809ae-3635-4268-bf37-8d54727ee9a0','2015-05-27 11:11:10','Consultation','outpatient','98516351775',15,182,5565,'302618','10000069','2015-05-27 05:41:16'),('34cc30fc-8d93-4422-9423-3689c14d642e','2015-05-28 10:57:19','Consultation','outpatient','98530954208',15,182,5566,'302618','10000069','2015-05-28 05:27:25'),('351df010-3023-45e8-a85e-e32081309706','2015-05-29 14:49:58','Consultation','outpatient','98548085482',15,182,5567,'302618','10000069','2015-06-02 05:05:16'),('3553086c-8d1a-4eb8-86bd-753ccf8f32b7','2015-05-28 11:48:58','Consultation','outpatient','98531486390',15,182,5566,'302618','10000069','2015-05-28 06:19:05'),('35e2b470-294c-4105-96bc-0797904b4e0e','2015-05-29 14:50:48','Consultation','outpatient','98548084642',15,182,5567,'302618','10000069','2015-06-02 05:05:16'),('35fe9871-9b6d-4db1-a1f3-a886355e5267','2015-05-28 11:49:04','Consultation','outpatient','98531486531',15,182,5566,'302618','10000069','2015-05-28 06:19:16'),('37202f19-d1ce-49e3-a9a1-a227cc98afe6','2015-05-28 11:49:03','Consultation','outpatient','98531486143',15,182,5566,'302618','10000069','2015-05-28 06:19:16'),('394cde51-bfcc-4ca4-b5ff-d44986e0afb6','2015-05-21 18:00:29','REG','field','98432076514',18,216,6575,'302607','10019852','2015-05-21 12:31:26'),('3972a6b2-0c3e-40f6-a0fd-82101671e934','2015-05-27 12:15:14','REG','field','98516996868',33,396,12079,'302618','10019842','2015-05-27 06:46:17'),('39752c9e-ba9b-46be-ac76-98c1d2bef9e3','2015-05-27 11:21:17','Consultation','outpatient','98516453878',15,182,5565,'302618','10000069','2015-05-27 05:51:26'),('3a5691e2-cd28-427e-8a0b-b3cf04e3292e','2015-05-26 15:30:55','Consultation','outpatient','98504257802',15,182,5564,'302618','10000069','2015-05-26 10:01:04'),('3a65aaa5-58bd-4394-bb15-dd1354b5a432','2015-05-28 17:46:59','Consultation','outpatient','98535152386',15,182,5566,'302618','10000069','2015-06-02 05:05:14'),('3bf58952-a7bd-47a6-9d67-7a378f505a75','2015-05-26 18:23:48','Consultation','outpatient','98506029837',15,182,5564,'302618','10000069','2015-05-26 12:53:56'),('3c8eab4d-3506-4f0c-9d91-6b9be89efd92','2015-05-26 18:24:28','Consultation','outpatient','98506039083',15,182,5564,'302618','10000069','2015-05-26 12:54:37'),('3dc2b822-dacd-47c4-85ae-837c748fc0d8','2015-05-27 11:11:12','Consultation','outpatient','98516351734',15,182,5565,'302618','10000069','2015-05-27 05:41:16'),('3e976f8c-0a46-449b-9515-ad780d063db8','2015-05-26 15:30:59','Consultation','outpatient','98504257711',15,182,5564,'302618','10000069','2015-05-26 10:01:04'),('3fa5891e-7614-402c-8e7d-814c8a14f420','2015-05-20 11:29:11','Consultation','outpatient','98413316442',15,182,5558,'302618','10000069','2015-05-20 05:59:59'),('40c75aa8-5e1e-49a8-86d2-2e521fba9e38','2015-05-20 11:29:13','Consultation','outpatient','98413316558',15,182,5558,'302618','10000069','2015-05-20 05:59:59'),('42f5e627-501c-49df-86fe-53b8ac9b7afe','2015-05-26 15:33:17','Consultation','outpatient','98504288559',15,182,5564,'302618','10000069','2015-05-26 10:03:18'),('43243b12-ca53-4de8-a30c-9684d65a7b52','2015-05-20 11:22:41','REG','field','98413316301',25,300,9150,'302607','10019852','2015-05-21 10:54:16'),('4326412b-a365-41bb-83da-d6f56662e5eb','2015-05-28 16:53:57','Consultation','outpatient','98534599116',15,182,5566,'302618','10000069','2015-05-28 11:24:04'),('43f9fdb4-060a-4309-ad08-d736af000923','2015-05-26 15:32:22','Consultation','outpatient','98504278808',15,182,5564,'302618','10000069','2015-05-26 10:02:26'),('43fb78dd-60ae-4f32-9300-01ec3be0fb01','2015-05-20 11:29:04','Consultation','outpatient','98413316384',15,182,5558,'302618','10000069','2015-05-20 05:59:44'),('441146e2-0c5c-4fc7-8599-4a60ad9edde4','2015-05-28 17:47:04','Consultation','outpatient','98535151529',15,182,5566,'302618','10000069','2015-06-02 05:05:14'),('442bdf52-285d-4dfc-bf17-14e28d0d84a3','2015-06-03 14:39:30','Consultation','outpatient','98621700221',15,183,5572,'302618','10000069','2015-06-03 09:09:36'),('456ef96c-a6c0-4183-8395-39813075e1e3','2015-06-03 14:36:23','Consultation','outpatient','98621669392',15,183,5572,'302618','10000069','2015-06-03 09:06:33'),('45dfa50e-965a-4a74-babb-e5e53dbedb83','2015-05-28 17:47:54','Consultation','outpatient','98535151651',15,182,5566,'302618','10000069','2015-06-02 05:05:15'),('45f3eda5-a0bd-4836-a136-b83dd96d0c38','2015-05-28 17:47:01','Consultation','outpatient','98535152048',15,182,5566,'302618','10000069','2015-06-02 05:05:14'),('47c2f9ce-6ccb-4d36-9589-68a53df4d1ce','2015-05-29 15:43:35','Consultation','outpatient','98548628406',15,182,5567,'302618','10000069','2015-06-02 05:05:17'),('47ed63f1-909c-41cb-ae0d-65b7035413b2','2015-05-21 17:29:45','OPD','field','98431738312',26,312,9500,'302607','10019852','2015-05-21 12:00:23'),('497505e9-80e6-435c-a122-f7bcd78307b4','2015-05-21 18:52:52','Consultation','outpatient','98432608381',15,182,5559,'302618','10000069','2015-05-21 13:23:32'),('4a3245a2-64aa-4d0d-ba55-5ccad83ae1f0','2015-05-26 15:33:17','Consultation','outpatient','98504288559',15,182,5564,'302618','10000069','2015-05-26 10:03:18'),('4b6f6c8a-da22-4dae-8ba3-51ad292bbf8f','2015-05-26 15:30:56','Consultation','outpatient','98504258388',15,182,5564,'302618','10000069','2015-05-26 10:01:04'),('4bb08696-532d-4271-9eec-c4bd9eb2351b','2015-05-29 18:14:52','Consultation','outpatient','98550173754',15,182,5567,'302618','10000069','2015-06-02 05:05:19'),('4bd2fb24-62c1-4a16-b844-34300ee98c98','2015-05-26 15:30:58','Consultation','outpatient','98504257307',15,182,5564,'302618','10000069','2015-05-26 10:01:04'),('4bf0166f-8434-41a1-b48d-d573dfb5500f','2015-05-20 11:27:56','Consultation','outpatient','98413306674',15,182,5558,'302618','10000069','2015-05-20 05:58:34'),('4c0cf599-af93-4168-a4cc-c0ac7de89f45','2015-05-21 15:27:24','OPD','field','98429321147',25,300,9143,'302607','10019852','2015-05-21 10:54:27'),('4cbc48e1-4509-4df7-a25a-b782e4c103e5','2015-05-28 11:48:58','Consultation','outpatient','98531486390',15,182,5566,'302618','10000069','2015-05-28 06:19:05'),('4d2b9193-ae9d-4cae-8bd4-c5dd3e02fbf0','2015-05-29 14:50:48','Consultation','outpatient','98548084642',15,182,5567,'302618','10000069','2015-06-02 05:05:16'),('4e594512-f247-4037-85e4-03cf0a3a5dd4','2015-05-28 10:34:00','Consultation','outpatient','98530718363',15,182,5566,'302618','10000069','2015-05-28 05:04:04'),('4f2b797b-b3e3-4159-9ca3-a72d74946aef','2015-06-03 14:36:22','Consultation','outpatient','98621669236',15,183,5572,'302618','10000069','2015-06-03 09:06:33'),('4f652ac2-720f-492d-be47-5c3bf0a7ef81','2015-05-29 14:49:54','Consultation','outpatient','98548075293',15,182,5567,'302618','10000069','2015-06-02 05:05:16'),('51c3d73d-ff60-4785-a93c-0e939333c9f1','2015-05-26 15:32:20','Consultation','outpatient','98504278733',15,182,5564,'302618','10000069','2015-05-26 10:02:26'),('524845a2-24c5-4d0d-8b9d-05bbe4faa437','2015-05-28 16:53:58','Consultation','outpatient','98534599629',15,182,5566,'302618','10000069','2015-05-28 11:24:04'),('52622f07-52e7-4523-b4cb-a81a9069e715','2015-05-29 17:52:47','Consultation','outpatient','98549948217',15,182,5567,'302618','10000069','2015-06-02 05:05:18'),('52bea4d2-89d5-4740-99f1-66284b3d97aa','2015-05-29 15:43:34','Consultation','outpatient','98548627465',15,182,5567,'302618','10000069','2015-06-02 05:05:16'),('534bb57c-c53a-4974-82f3-9cf0b6f1df82','2015-05-27 11:22:06','Consultation','outpatient','98516463562',15,182,5565,'302618','10000069','2015-05-27 05:52:17'),('54117449-8e98-4222-ac54-bbf2c86d825f','2015-05-28 11:49:49','Consultation','outpatient','98531486440',15,182,5566,'302618','10000069','2015-05-28 06:19:57'),('55251f28-d2b6-416b-b8cb-d52d2bc5bdd0','2015-05-28 17:47:04','Consultation','outpatient','98535151685',15,182,5566,'302618','10000069','2015-06-02 05:05:14'),('55b97c24-b86b-41c8-a91a-efd5ea04fbe0','2015-05-28 10:56:29','Consultation','outpatient','98530943599',15,182,5566,'302618','10000069','2015-05-28 05:26:34'),('57b958b9-f4e8-4efa-bc10-a9bbac2cd3d8','2015-06-03 14:18:04','Consultation','outpatient','98621485641',15,183,5572,'302618','10000069','2015-06-03 08:48:16'),('58fd7b94-07ec-4103-a132-7e2e26b995de','2015-05-27 11:11:12','Consultation','outpatient','98516351734',15,182,5565,'302618','10000069','2015-05-27 05:41:16'),('58fffa74-ea4b-4f81-b7f7-6d547ff8ad24','2015-05-26 18:23:48','Consultation','outpatient','98506028805',15,182,5564,'302618','10000069','2015-05-26 12:53:56'),('592e53ed-cfc2-431d-83dd-11bb613a021a','2015-05-28 10:56:31','Consultation','outpatient','98530942955',15,182,5566,'302618','10000069','2015-05-28 05:26:44'),('59510d78-4cef-4672-99ee-c62916d603e0','2015-05-26 15:31:54','Consultation','outpatient','98504268106',15,182,5564,'302618','10000069','2015-05-26 10:01:55'),('5a19b15c-b745-42df-9a2e-20be08a125f4','2015-06-03 14:18:58','Consultation','outpatient','98621495095',15,183,5572,'302618','10000069','2015-06-03 08:49:07'),('5a79325e-cae7-49a3-9008-b3718fe7921b','2015-05-26 14:41:34','REG','field','98503736020',15,181,5535,'302607','10019852','2015-05-26 09:12:19'),('5a86274a-24aa-4492-ab08-aca93996f348','2015-05-21 17:52:07','REG','field','98431983595',31,372,11327,'302607','10019852','2015-05-21 12:22:19'),('5abc0f4b-e956-4ebd-bbcf-f7832c69f904','2015-05-21 18:52:57','Consultation','outpatient','98432608480',15,182,5559,'302618','10000069','2015-05-21 13:23:42'),('5b271bf3-4617-41ee-8376-85d8534ad256','2015-05-28 10:57:21','Consultation','outpatient','98530952970',15,182,5566,'302618','10000069','2015-05-28 05:27:26'),('5b426919-0cfd-478e-9cad-f4b56648b2f8','2015-05-26 15:31:53','Consultation','outpatient','98504268064',15,182,5564,'302618','10000069','2015-05-26 10:01:55'),('5c5f8a6d-326d-4e23-9b74-8ca3c201f4e7','2015-05-28 17:24:19','REG','field','98534906444',15,181,5537,'302607','10019852','2015-06-02 05:05:13'),('5cd6ee89-6f3f-4410-8db2-8a89c164f74f','2015-05-29 14:49:52','Consultation','outpatient','98548075426',15,182,5567,'302618','10000069','2015-06-02 05:05:15'),('5d15868e-cf16-4081-9b77-908964f9265e','2015-05-27 11:21:19','Consultation','outpatient','98516454314',15,182,5565,'302618','10000069','2015-05-27 05:51:26'),('5d2187cc-ee8c-40d6-ba56-28d3fad60419','2015-06-03 14:18:00','Consultation','outpatient','98621485062',15,183,5572,'302618','10000069','2015-06-03 08:48:05'),('6007ffcf-84bd-47c7-bcbf-39aae64911ea','2015-05-26 15:30:52','Consultation','outpatient','98504257497',15,182,5564,'302618','10000069','2015-05-26 10:00:53'),('61832057-3299-4610-9c7a-c540c1e3b7f0','2015-05-26 15:31:54','Consultation','outpatient','98504267793',15,182,5564,'302618','10000069','2015-05-26 10:01:55'),('62fd2850-517e-4154-9cd5-b84c06dfc888','2015-06-03 14:17:59','Consultation','outpatient','98621486037',15,183,5572,'302618','10000069','2015-06-03 08:48:05'),('639b5ece-175f-4102-bc8d-4ea45115a3bb','2015-05-26 18:23:43','Consultation','outpatient','98506030009',15,182,5564,'302618','10000069','2015-05-26 12:53:45'),('63bd259a-0e3f-447f-946a-b095a0fefc44','2015-05-27 12:00:17','REG','field','98516842542',33,396,12079,'302607','10019852','2015-05-27 06:30:26'),('6556d463-4a2a-47ef-b39a-e281d9eca7b1','2015-05-29 14:50:46','Consultation','outpatient','98548085573',15,182,5567,'302618','10000069','2015-06-02 05:05:16'),('65bc61c7-8a96-462d-97fa-ccd22241cd8c','2015-06-03 14:18:58','Consultation','outpatient','98621485732',15,183,5572,'302618','10000069','2015-06-03 08:49:07'),('66612926-0afc-4fa5-94eb-7deb9ced0885','2015-05-28 11:49:04','Consultation','outpatient','98531486531',15,182,5566,'302618','10000069','2015-05-28 06:19:16'),('68799abe-8d04-4857-9df7-2b2babe071a2','2015-05-26 15:30:54','Consultation','outpatient','98504257521',15,182,5564,'302618','10000069','2015-05-26 10:01:04'),('690c73d8-ba9c-4da5-9155-4745febccb78','2015-05-21 18:52:56','Consultation','outpatient','98432609124',15,182,5559,'302618','10000069','2015-05-21 13:23:42'),('6925b328-eb21-4af5-9508-a532fa640206','2015-05-21 18:52:50','Consultation','outpatient','98432608555',15,182,5559,'302618','10000069','2015-05-21 13:23:32'),('69910d1e-c450-4b33-bcc0-6872c85f5c04','2015-05-29 17:52:46','Consultation','outpatient','98549948928',15,182,5567,'302618','10000069','2015-06-02 05:05:18'),('6a35622e-3f6f-47fb-9807-f2a28c8affd5','2015-05-21 18:52:53','Consultation','outpatient','98432608522',15,182,5559,'302618','10000069','2015-05-21 13:23:32'),('6a36e7b8-a6ac-48bb-a015-e54b8ee0468a','2015-05-27 12:20:05','REG','field','98517057520',19,228,6957,'302607','10019852','2015-05-27 06:54:22'),('6b75d4c6-f4d5-4469-8917-41c2e0415640','2015-05-26 18:24:30','Consultation','outpatient','98506039281',15,182,5564,'302618','10000069','2015-05-26 12:54:37'),('6b9ca726-6bee-43c5-ab76-d478ffe517fb','2015-05-29 14:49:50','Consultation','outpatient','98548075129',15,182,5567,'302618','10000069','2015-06-02 05:05:15'),('6d574a12-f48e-4c4d-a54a-3f52ad60de95','2015-05-29 14:49:57','Consultation','outpatient','98548085490',15,182,5567,'302618','10000069','2015-06-02 05:05:16'),('6dcdb43f-0b41-48c8-bc77-8ced6530bba6','2015-05-29 18:14:58','Consultation','outpatient','98550184918',15,182,5567,'302618','10000069','2015-06-02 05:05:19'),('6df18006-3df1-4983-94a0-13a9413b85f8','2015-05-21 18:52:57','Consultation','outpatient','98432608480',15,182,5559,'302618','10000069','2015-05-21 13:23:42'),('6e17dab6-9731-4bd1-a691-2b7349acd8b9','2015-05-26 18:24:28','Consultation','outpatient','98506039299',15,182,5564,'302618','10000069','2015-05-26 12:54:37'),('6e7a3a68-dc0e-45fd-a030-e487289d2d09','2015-05-28 11:48:59','Consultation','outpatient','98531486671',15,182,5566,'302618','10000069','2015-05-28 06:19:06'),('6ec88b58-4feb-4dd6-a925-f155b8d57357','2015-05-26 15:30:59','Consultation','outpatient','98504257711',15,182,5564,'302618','10000069','2015-05-26 10:01:04'),('6f1ca500-0af1-4a79-a903-5898847bc20b','2015-05-27 11:11:11','Consultation','outpatient','98516351882',15,182,5565,'302618','10000069','2015-05-27 05:41:16'),('6f32bbba-f389-44b5-8f48-d4b1fccac254','2015-05-28 10:34:10','Consultation','outpatient','98530718074',15,182,5566,'302618','10000069','2015-05-28 05:04:15'),('6fc075ca-0a47-4bc6-b312-d4a95a0a37c0','2015-05-25 16:00:16','OPD','field','98489686744',20,240,7315,'302607','10019852','2015-05-25 10:30:22'),('7187fc5e-93f4-4e25-a978-9e0c9291a6cb','2015-05-26 15:30:56','Consultation','outpatient','98504258388',15,182,5564,'302618','10000069','2015-05-26 10:01:04'),('71f9615f-de2e-4ea5-ba14-b8de76e0a4d0','2015-05-29 14:49:53','Consultation','outpatient','98548074643',15,182,5567,'302618','10000069','2015-06-02 05:05:15'),('7358379c-1f40-41a4-8ee8-d53b334b383c','2015-05-26 18:24:30','Consultation','outpatient','98506039281',15,182,5564,'302618','10000069','2015-05-26 12:54:37'),('739cc6de-be08-4454-8d5d-a757dc6d200d','2015-05-28 11:48:59','Consultation','outpatient','98531486671',15,182,5566,'302618','10000069','2015-05-28 06:19:06'),('7464d797-5c78-4b78-9d7d-16e75deaa929','2015-05-21 18:52:51','Consultation','outpatient','98432608217',15,182,5559,'302618','10000069','2015-05-21 13:23:32'),('75067010-a842-47ea-9a1a-c42e9832ec4b','2015-05-27 11:08:08','Consultation','outpatient','98516321117',15,182,5565,'302618','10000069','2015-05-27 05:38:13'),('753141f2-cabf-41f7-bb8c-50e2314ae127','2015-05-29 14:49:58','Consultation','outpatient','98548085482',15,182,5567,'302618','10000069','2015-06-02 05:05:16'),('7627dce7-e505-4c31-ba7d-e87a63524e63','2015-05-29 17:52:50','Consultation','outpatient','98549948803',15,182,5567,'302618','10000069','2015-06-02 05:05:18'),('76651863-dcd4-4a6b-9151-a7f610289572','2015-05-28 16:53:14','Consultation','outpatient','98534599611',15,182,5566,'302618','10000069','2015-05-28 11:23:23'),('788e8a2d-c3a2-4ae2-aea5-1d08469429a4','2015-05-28 11:49:05','Consultation','outpatient','98531485921',15,182,5566,'302618','10000069','2015-05-28 06:19:16'),('789a9251-2004-47f7-afcd-e032ac8ce5e1','2015-05-20 11:29:10','Consultation','outpatient','98413315949',15,182,5558,'302618','10000069','2015-05-20 05:59:59'),('795e1e1d-725b-4ecc-9a95-0d1929c55228','2015-05-29 15:44:22','Consultation','outpatient','98548637464',15,182,5567,'302618','10000069','2015-06-02 05:05:18'),('7b0cff78-23c0-4895-94ed-896809dab7d4','2015-05-26 15:31:00','Consultation','outpatient','98504268197',15,182,5564,'302618','10000069','2015-05-26 10:01:04'),('7d0d75c8-312b-4439-904f-c3adcb87ed12','2015-05-29 18:14:51','Consultation','outpatient','98550174133',15,182,5567,'302618','10000069','2015-06-02 05:05:19'),('7dcd92f8-681f-4f30-b5ab-cc7c76b094d9','2015-05-29 14:50:47','Consultation','outpatient','98548085060',15,182,5567,'302618','10000069','2015-06-02 05:05:16'),('7dda9f3c-b1dd-4b9c-abee-389c3ea7ebbe','2015-05-28 16:53:13','Consultation','outpatient','98534598688',15,182,5566,'302618','10000069','2015-05-28 11:23:13'),('7e35f809-3891-4941-9ec6-d2b436af7019','2015-05-28 10:56:36','Consultation','outpatient','98530943417',15,182,5566,'302618','10000069','2015-05-28 05:26:45'),('7e4d5741-2a2e-46ce-b030-8dc38a79402d','2015-05-29 15:43:40','Consultation','outpatient','98548628448',15,182,5567,'302618','10000069','2015-06-02 05:05:17'),('7e568d7f-09ab-48e6-865d-99991134b50e','2015-05-21 18:53:43','Consultation','outpatient','98432619073',15,182,5559,'302618','10000069','2015-05-21 13:24:23'),('7f5b8429-90a7-4b22-9f13-ff2c842f0e27','2015-05-27 11:08:14','Consultation','outpatient','98516320952',15,182,5565,'302618','10000069','2015-05-27 05:38:24'),('81e2c9e2-8c5c-4a71-bffd-d997977ae810','2015-05-26 15:31:00','Consultation','outpatient','98504268197',15,182,5564,'302618','10000069','2015-05-26 10:01:04'),('82ae2371-da2a-4a63-8d8e-80b1ba725e21','2015-05-27 11:21:23','Consultation','outpatient','98516454330',15,182,5565,'302618','10000069','2015-05-27 05:51:27'),('82d5e46d-b8ac-4c61-b009-6a43fe19f966','2015-05-29 17:52:51','Consultation','outpatient','98549949140',15,182,5567,'302618','10000069','2015-06-02 05:05:19'),('830670bf-6b22-4063-9d3b-4d7c29749108','2015-05-28 16:53:10','Consultation','outpatient','98534599017',15,182,5566,'302618','10000069','2015-05-28 11:23:13'),('830b5c43-093a-4461-85ea-add3de026f25','2015-05-29 18:14:54','Consultation','outpatient','98550174190',15,182,5567,'302618','10000069','2015-06-02 05:05:19'),('830faee5-d80e-4cc9-b008-7dbe948f74bc','2015-05-27 11:21:22','Consultation','outpatient','98516454215',15,182,5565,'302618','10000069','2015-05-27 05:51:27'),('839ce9ac-b95d-4541-89bf-c6c831a9772f','2015-05-28 17:47:53','Consultation','outpatient','98535152212',15,182,5566,'302618','10000069','2015-06-02 05:05:15'),('850e65b2-2727-4701-b02c-56ba6d490ecb','2015-05-29 17:52:51','Consultation','outpatient','98549949140',15,182,5567,'302618','10000069','2015-06-02 05:05:18'),('852c7e8f-7d64-4b42-81c5-f3abe9e0efcc','2015-05-26 18:23:48','Consultation','outpatient','98506029837',15,182,5564,'302618','10000069','2015-05-26 12:53:56'),('85fefda9-538e-4725-b65b-dc412d198e37','2015-05-27 11:08:11','Consultation','outpatient','98516320358',15,182,5565,'302618','10000069','2015-05-27 05:38:14'),('86663e50-0024-44c1-8bc9-a070a20f3a4a','2015-05-29 17:52:47','Consultation','outpatient','98549948217',15,182,5567,'302618','10000069','2015-06-02 05:05:18'),('86a44d1a-4d8d-4ad7-b552-f061a9948d34','2015-05-25 14:16:57','OPD','field','98488713366',51,612,18645,'302607','10019852','2015-05-25 08:47:25'),('87e08b59-6ff4-41dc-bf75-0b23443c3f3f','2015-06-03 14:36:28','Consultation','outpatient','98621669921',15,183,5572,'302618','10000069','2015-06-03 09:06:34'),('881e0fe8-a0ca-4523-948c-0b9adb5bc505','2015-05-28 17:47:00','Consultation','outpatient','98535151982',15,182,5566,'302618','10000069','2015-06-02 05:05:14'),('88383903-a28f-4a03-b11b-29787603fa8c','2015-05-20 11:28:03','Consultation','outpatient','98413306450',15,182,5558,'302618','10000069','2015-05-20 05:58:45'),('88795887-8cc3-4a81-bb54-d0b8f8906448','2015-06-03 14:39:29','Consultation','outpatient','98621699860',15,183,5572,'302618','10000069','2015-06-03 09:09:36'),('8e3d554a-8e6d-4d98-99dc-77cc1730f5f3','2015-05-28 17:47:01','Consultation','outpatient','98535152048',15,182,5566,'302618','10000069','2015-06-02 05:05:14'),('8e5dc865-a08e-49b8-880e-9ab413af4444','2015-05-28 15:42:43','REG','field','98533718469',15,181,5537,'302607','10019852','2015-05-28 10:13:19'),('8f68b6e0-8149-49c8-8b84-aeafacf8f24d','2015-05-28 10:34:11','Consultation','outpatient','98530718132',15,182,5566,'302618','10000069','2015-05-28 05:04:15'),('93963a04-76ed-402d-8231-88db46091a6b','2015-06-03 14:36:28','Consultation','outpatient','98621669715',15,183,5572,'302618','10000069','2015-06-03 09:06:34'),('93e64a7c-543c-4711-88ac-7aeed266af3f','2015-05-26 15:31:52','Consultation','outpatient','98504268254',15,182,5564,'302618','10000069','2015-05-26 10:01:55'),('9701c6eb-b61f-4d4f-a2a3-b4a56e98be7d','2015-05-27 11:21:23','Consultation','outpatient','98516454330',15,182,5565,'302618','10000069','2015-05-27 05:51:27'),('97544d07-38ec-4dcb-be37-bac76cfc15e8','2015-05-28 11:48:57','Consultation','outpatient','98531476037',15,182,5566,'302618','10000069','2015-05-28 06:19:05'),('98f00b9f-d787-4e1a-b8c7-2917c210406e','2015-05-29 17:52:43','Consultation','outpatient','98549949322',15,182,5567,'302618','10000069','2015-06-02 05:05:18'),('98f47283-20ea-4a28-84ef-6b6ea31636a3','2015-05-26 18:23:41','Consultation','outpatient','98506030041',15,182,5564,'302618','10000069','2015-05-26 12:53:45'),('9994420b-9338-4088-b1cc-dd134c096f0f','2015-05-26 15:30:54','Consultation','outpatient','98504257521',15,182,5564,'302618','10000069','2015-05-26 10:01:04'),('99a5b3d6-6461-4920-886c-c9d55220b317','2015-05-26 18:24:28','Consultation','outpatient','98506039299',15,182,5564,'302618','10000069','2015-05-26 12:54:37'),('9ac13af9-ca40-414d-a825-367d1cdb07cd','2015-05-29 18:14:59','Consultation','outpatient','98550184595',15,182,5567,'302618','10000069','2015-06-02 05:05:19'),('9aeabcf9-4410-4644-aa78-68822d8e874d','2015-05-25 12:28:09','REG','field','98487648092',35,420,12803,'302607','10019852','2015-05-25 06:58:26'),('9b351ad2-334a-42de-b41b-780d7b8e3077','2015-05-29 15:44:21','Consultation','outpatient','98548638306',15,182,5567,'302618','10000069','2015-06-02 05:05:18'),('9b58e46c-084a-453f-a0a4-00f99f98c7a4','2015-05-29 18:14:52','Consultation','outpatient','98550173754',15,182,5567,'302618','10000069','2015-06-02 05:05:19'),('9bffc8b4-8608-419a-bd38-39303810a6b7','2015-05-26 15:32:26','Consultation','outpatient','98504278311',15,182,5564,'302618','10000069','2015-05-26 10:02:27'),('9c8c0817-22b0-4447-93b5-a07a7e2eb901','2015-05-27 12:31:07','REG','field','98517159813',33,396,12079,'302607','10019852','2015-05-27 07:02:26'),('9d24127b-f526-4861-a637-d4411cae3c91','2015-05-29 18:14:49','Consultation','outpatient','98550174232',15,182,5567,'302618','10000069','2015-06-02 05:05:19'),('9ed83cf4-3dad-40df-8052-62f0aa3bcadd','2015-05-29 17:52:52','Consultation','outpatient','98549949413',15,182,5567,'302618','10000069','2015-06-02 05:05:19'),('9f362e56-8925-473c-aa0d-94bb2fe26896','2015-05-28 10:56:36','Consultation','outpatient','98530942799',15,182,5566,'302618','10000069','2015-05-28 05:26:45'),('9fddd390-5fb1-4f2e-8efb-42789f79a6e7','2015-05-26 15:32:19','Consultation','outpatient','98504278105',15,182,5564,'302618','10000069','2015-05-26 10:02:26'),('a05d7621-4c6e-47f4-a69b-1ba7612a4ca9','2015-05-27 11:08:09','Consultation','outpatient','98516321182',15,182,5565,'302618','10000069','2015-05-27 05:38:13'),('a0cd9c3a-b282-49c2-afe9-74f1447ea3a0','2015-05-28 10:34:02','Consultation','outpatient','98530718520',15,182,5566,'302618','10000069','2015-05-28 05:04:14'),('a17d70cc-8eed-4408-af5d-551f30df577d','2015-05-27 11:08:15','Consultation','outpatient','98516320226',15,182,5565,'302618','10000069','2015-05-27 05:38:24'),('a2953843-6f01-4145-8b0c-4a9f53abb3c1','2015-05-26 15:31:53','Consultation','outpatient','98504268064',15,182,5564,'302618','10000069','2015-05-26 10:01:55'),('a30b499f-db8d-447c-bb16-de27a9d19b92','2015-06-03 14:18:58','Consultation','outpatient','98621495095',15,183,5572,'302618','10000069','2015-06-03 08:49:07'),('a30ff387-d0e0-4874-8892-3d47723da421','2015-05-27 11:21:22','Consultation','outpatient','98516454215',15,182,5565,'302618','10000069','2015-05-27 05:51:27'),('a3fb0f34-01b5-4f45-9b8e-527c8a1df2bd','2015-05-28 16:53:57','Consultation','outpatient','98534599116',15,182,5566,'302618','10000069','2015-05-28 11:24:04'),('a5946f02-e422-4a25-b5be-5b05bf4c7394','2015-05-27 11:21:19','Consultation','outpatient','98516454314',15,182,5565,'302618','10000069','2015-05-27 05:51:26'),('a5c23fe2-8052-41bb-922b-b910fceacb78','2015-05-21 18:53:44','Consultation','outpatient','98432619198',15,182,5559,'302618','10000069','2015-05-21 13:24:23'),('a7daf090-0563-4978-8bc1-8cb056afb00b','2015-05-29 18:14:54','Consultation','outpatient','98550174190',15,182,5567,'302618','10000069','2015-06-02 05:05:19'),('a841f7ff-31be-4d18-bca4-84a31090c134','2015-05-27 11:08:14','Consultation','outpatient','98516320317',15,182,5565,'302618','10000069','2015-05-27 05:38:24'),('a972f123-f3d2-43b5-8ed8-7b33794fdae0','2015-05-21 18:53:50','Consultation','outpatient','98432618976',15,182,5559,'302618','10000069','2015-05-21 13:24:34'),('a9f281ef-af11-4fd0-bd88-4f2f38a0b0d7','2015-05-29 17:53:40','Consultation','outpatient','98549958737',15,182,5567,'302618','10000069','2015-06-02 05:05:19'),('aa3f5b76-f1d2-490b-8761-1905bc8e1383','2015-05-27 11:08:11','Consultation','outpatient','98516320358',15,182,5565,'302618','10000069','2015-05-27 05:38:13'),('aa712a29-bc55-4770-a572-12b449f8349c','2015-06-03 14:36:21','Consultation','outpatient','98621669731',15,183,5572,'302618','10000069','2015-06-03 09:06:33'),('ab116112-97f7-435d-b69a-2fa7ba79366a','2015-05-20 11:29:10','Consultation','outpatient','98413316103',15,182,5558,'302618','10000069','2015-05-20 05:59:44'),('aced3ff5-4ba1-4b4e-891f-461038ffe14a','2015-05-26 18:23:43','Consultation','outpatient','98506029852',15,182,5564,'302618','10000069','2015-05-26 12:53:45'),('ade5d5b0-f608-479c-bfeb-d23b9f692711','2015-06-03 14:36:24','Consultation','outpatient','98621670168',15,183,5572,'302618','10000069','2015-06-03 09:06:33'),('af423d80-199d-4e19-8169-ad36f2679827','2015-05-28 10:34:04','Consultation','outpatient','98530718165',15,182,5566,'302618','10000069','2015-05-28 05:04:15'),('af921590-abe4-4fa1-95b9-e86245eb2752','2015-05-28 10:57:20','Consultation','outpatient','98530953069',15,182,5566,'302618','10000069','2015-05-28 05:27:26'),('b058de0b-37da-424f-9a89-182e153a77bc','2015-05-21 18:53:49','Consultation','outpatient','98432619370',15,182,5559,'302618','10000069','2015-05-21 13:24:33'),('b0c29729-24df-4cf9-9a3c-154b48870523','2015-05-29 14:49:57','Consultation','outpatient','98548085490',15,182,5567,'302618','10000069','2015-06-02 05:05:16'),('b1eb7073-a7b2-454d-aee5-a8084f12a6fa','2015-05-28 16:53:13','Consultation','outpatient','98534598860',15,182,5566,'302618','10000069','2015-05-28 11:23:23'),('b28ceb21-0591-4b5d-81a5-3ed7ef06cea0','2015-05-27 11:08:09','Consultation','outpatient','98516321182',15,182,5565,'302618','10000069','2015-05-27 05:38:13'),('b5841f7d-d06a-4177-b8ea-c5d581ce8535','2015-05-20 11:27:58','Consultation','outpatient','98413306195',15,182,5558,'302618','10000069','2015-05-20 05:58:34'),('b67c6536-5909-41ed-b9e1-b30d92902953','2015-05-28 16:53:14','Consultation','outpatient','98534599611',15,182,5566,'302618','10000069','2015-05-28 11:23:23'),('b6b9f3ca-eedb-4ecb-b86b-cc17f2d3547f','2015-05-28 10:56:32','Consultation','outpatient','98530943953',15,182,5566,'302618','10000069','2015-05-28 05:26:44'),('b7a820d4-67d8-47c4-b96e-a022493dc678','2015-06-03 14:18:56','Consultation','outpatient','98621485930',15,183,5572,'302618','10000069','2015-06-03 08:49:06'),('b7d388da-43f9-4691-bfc3-c982f4ea6032','2015-05-28 10:34:03','Consultation','outpatient','98530718470',15,182,5566,'302618','10000069','2015-05-28 05:04:15'),('b7e5bb18-ff08-4130-bf3e-6e8a7ef0c2dd','2015-05-21 17:27:21','REG','field','98431738312',26,312,9500,'302607','10019852','2015-05-21 11:58:22'),('b8614209-938d-4a84-b3b6-7e932220ba5c','2015-05-28 10:56:35','Consultation','outpatient','98530943144',15,182,5566,'302618','10000069','2015-05-28 05:26:45'),('b8638f43-0a96-4756-8ad9-6b28803065dc','2015-05-26 15:33:15','Consultation','outpatient','98504289268',15,182,5564,'302618','10000069','2015-05-26 10:03:17'),('b949775a-f9ec-4974-80b0-750572722a3d','2015-05-27 11:11:12','Consultation','outpatient','98516351114',15,182,5565,'302618','10000069','2015-05-27 05:41:16'),('b986b53e-e0fa-4f44-b5ed-bcca46ab4c6b','2015-05-20 11:29:14','Consultation','outpatient','98413316806',15,182,5558,'302618','10000069','2015-05-20 05:59:59'),('ba05641e-9b18-4adb-b069-7bd5ca51cd58','2015-05-28 10:34:09','Consultation','outpatient','98530718694',15,182,5566,'302618','10000069','2015-05-28 05:04:15'),('bac1a159-1812-4582-aa54-a1d2b19c9bcb','2015-05-28 17:47:00','Consultation','outpatient','98535151750',15,182,5566,'302618','10000069','2015-06-02 05:05:14'),('bae57d7f-56a2-482c-bceb-fe2118183de5','2015-05-21 18:52:52','Consultation','outpatient','98432608381',15,182,5559,'302618','10000069','2015-05-21 13:23:32'),('bb836567-cad7-4fcd-9d22-c125beec8fc8','2015-05-26 15:30:53','Consultation','outpatient','98504258495',15,182,5564,'302618','10000069','2015-05-26 10:00:53'),('bbb1b301-ceb5-499f-b12c-3b3cfd7384c8','2015-06-03 14:18:05','Consultation','outpatient','98621485377',15,183,5572,'302618','10000069','2015-06-03 08:48:16'),('bbcaba80-f068-492f-95a6-cbe5ef3f04a7','2015-05-20 11:29:02','Consultation','outpatient','98413316400',15,182,5558,'302618','10000069','2015-05-20 05:59:44'),('bbe28f50-d094-4a66-97ec-7e604c3611f5','2015-05-21 18:53:42','Consultation','outpatient','98432618372',15,182,5559,'302618','10000069','2015-05-21 13:24:23'),('bcf7ea06-d510-45bb-acb4-7ce4d80d29af','2015-05-28 17:47:00','Consultation','outpatient','98535151750',15,182,5566,'302618','10000069','2015-06-02 05:05:14'),('bcfb6ff4-2fc9-4740-81df-157c973f76be','2015-05-27 11:08:09','Consultation','outpatient','98516320424',15,182,5565,'302618','10000069','2015-05-27 05:38:13'),('bd2591c3-4673-4110-82f0-138c2ab2b844','2015-05-29 18:14:53','Consultation','outpatient','98550173499',15,182,5567,'302618','10000069','2015-06-02 05:05:19'),('bd428cd5-ad9d-4b4e-b24d-c50afae412d9','2015-05-29 15:43:35','Consultation','outpatient','98548628406',15,182,5567,'302618','10000069','2015-06-02 05:05:17'),('be3c6636-bd43-4be0-bda3-07fb39844706','2015-05-28 10:34:05','Consultation','outpatient','98530718462',15,182,5566,'302618','10000069','2015-05-28 05:04:15'),('be5c65c9-92b0-4a80-b4a8-0983d877e0a1','2015-05-20 11:28:01','Consultation','outpatient','98413306443',15,182,5558,'302618','10000069','2015-05-20 05:58:44'),('bf4c35ec-6ed6-403f-b49d-64f1903cd48c','2015-05-27 11:22:08','Consultation','outpatient','98516463778',15,182,5565,'302618','10000069','2015-05-27 05:52:18'),('bf5a42a5-8a48-4a98-adcb-c70c80bce766','2015-05-21 18:53:51','Consultation','outpatient','98432618414',15,182,5559,'302618','10000069','2015-05-21 13:24:34'),('bf8ad7d1-e5f9-4f9c-bfcc-e0154ae2f584','2015-06-03 14:18:04','Consultation','outpatient','98621485641',15,183,5572,'302618','10000069','2015-06-03 08:48:16'),('c042f0e3-45be-45ed-8a2a-0602c61e82d6','2015-05-29 17:53:39','Consultation','outpatient','98549959115',15,182,5567,'302618','10000069','2015-06-02 05:05:19'),('c09bd4fb-683b-4fb1-a6f1-c656dd39ce31','2015-05-28 16:53:07','Consultation','outpatient','98534599397',15,182,5566,'302618','10000069','2015-05-28 11:23:13'),('c0c120f4-cd38-48b6-bbc7-937451290df9','2015-05-20 11:29:04','Consultation','outpatient','98413316384',15,182,5558,'302618','10000069','2015-05-20 05:59:44'),('c1381788-3ae3-4c54-a565-b7d49e10aa69','2015-05-29 14:50:48','Consultation','outpatient','98548085680',15,182,5567,'302618','10000069','2015-06-02 05:05:16'),('c3137da5-c4f7-411c-99cf-1efd0a4457e4','2015-05-28 17:46:58','Consultation','outpatient','98535151800',15,182,5566,'302618','10000069','2015-06-02 05:05:13'),('c3a155c3-96b0-4e7a-afad-3cd412e6b6d7','2015-05-29 15:44:22','Consultation','outpatient','98548637464',15,182,5567,'302618','10000069','2015-06-02 05:05:18'),('c42b9e92-8704-4ba3-898f-361fdca98a3c','2015-06-03 14:36:28','Consultation','outpatient','98621669715',15,183,5572,'302618','10000069','2015-06-03 09:06:34'),('c42f84f3-8824-4115-ac29-10ba44832ffb','2015-05-28 11:49:50','Consultation','outpatient','98531485855',15,182,5566,'302618','10000069','2015-05-28 06:19:57'),('c46184ba-f4a0-499a-a8d4-bdd987aa0f70','2015-05-26 15:32:20','Consultation','outpatient','98504278956',15,182,5564,'302618','10000069','2015-05-26 10:02:26'),('c55ae9b6-ef47-4317-8ccf-e2c7ed679444','2015-05-28 17:35:12','OPD','field','98534906444',15,181,5537,'302607','10019852','2015-06-02 05:05:13'),('c5d0c6a4-14a1-48ed-8177-e746420f0522','2015-05-28 16:53:09','Consultation','outpatient','98534599579',15,182,5566,'302618','10000069','2015-05-28 11:23:13'),('c5ecb416-b4b8-4e3d-823b-d494deeeedd2','2015-05-20 11:27:52','Consultation','outpatient','98413305924',15,182,5558,'302618','10000069','2015-05-20 05:58:34'),('c6b154f1-da03-44f3-a2be-b41f5636afc7','2015-05-21 18:53:42','Consultation','outpatient','98432619297',15,182,5559,'302618','10000069','2015-05-21 13:24:23'),('c6fb6142-56f8-41f6-9fb7-45ccea4a00f2','2015-05-28 11:49:48','Consultation','outpatient','98531486291',15,182,5566,'302618','10000069','2015-05-28 06:19:57'),('c7f27515-0d27-4a36-9ae4-62c2788e5ed7','2015-05-20 11:29:07','Consultation','outpatient','11569149358',15,181,5529,'302618','10000069','2015-05-20 05:59:44'),('c94448a4-9ed5-47dc-88da-c243ba75fa23','2015-05-20 11:29:03','Consultation','outpatient','98413316517',15,182,5558,'302618','10000069','2015-05-20 05:59:44'),('c952885e-8632-4a8c-809d-749c3aecb4af','2015-05-21 16:59:04','REG','field','98429321147',25,300,9143,'302618','10019842','2015-05-21 11:30:15'),('c9863e00-0976-423b-b426-91f2ee8adb38','2015-05-29 14:49:51','Consultation','outpatient','98548075012',15,182,5567,'302618','10000069','2015-06-02 05:05:15'),('ca2312f6-e84c-4354-bd5f-d32928a13bc1','2015-05-28 10:56:30','Consultation','outpatient','98530943763',15,182,5566,'302618','10000069','2015-05-28 05:26:34'),('ca5b0d1c-b1ee-4ee2-92bf-9899317a25c3','2015-05-27 11:11:11','Consultation','outpatient','98516351882',15,182,5565,'302618','10000069','2015-05-27 05:41:16'),('ca9a0e32-675a-4b76-9bf9-96488e4d7a78','2015-05-21 17:46:33','REG','field','98431933053',18,216,6574,'302607','10019852','2015-05-21 12:17:25'),('cb8ad48a-6d15-4ab7-b0de-0b8e6786f703','2015-05-26 18:24:29','Consultation','outpatient','98506039448',15,182,5564,'302618','10000069','2015-05-26 12:54:37'),('cbe89989-e2c4-4334-99a3-45b20e611fd5','2015-05-21 18:53:52','Consultation','outpatient','98432619123',15,182,5559,'302618','10000069','2015-05-21 13:24:34'),('cc35e1a3-d092-421b-8f38-100e4905e922','2015-05-29 15:43:38','Consultation','outpatient','98548627655',15,182,5567,'302618','10000069','2015-06-02 05:05:17'),('cc43647c-3b43-4774-8738-ea8f818d94fd','2015-06-03 14:39:31','Consultation','outpatient','98621701062',15,183,5572,'302618','10000069','2015-06-03 09:09:36'),('ccdb4024-41ff-4f16-bad0-c2dd2ac23783','2015-05-26 15:32:25','Consultation','outpatient','98504277818',15,182,5564,'302618','10000069','2015-05-26 10:02:27'),('cd37cbcd-b87c-443e-963d-40824ab6793f','2015-05-20 11:28:02','Consultation','outpatient','98413306245',15,182,5558,'302618','10000069','2015-05-20 05:58:45'),('cf13833f-ebb2-4f88-bb61-bfe740d805cb','2015-05-29 15:43:32','Consultation','outpatient','98548627762',15,182,5567,'302618','10000069','2015-06-02 05:05:16'),('cf285aff-193b-4d71-9e94-e18f3f2eab94','2015-05-28 17:47:55','Consultation','outpatient','98535151628',15,182,5566,'302618','10000069','2015-06-02 05:05:15'),('cf3b5ceb-f207-49c9-a529-4860ff33e1c3','2015-05-26 15:32:26','Consultation','outpatient','98504278311',15,182,5564,'302618','10000069','2015-05-26 10:02:27'),('cf4194e6-0666-4f16-a0f0-f7b983862460','2015-05-29 17:52:46','Consultation','outpatient','98549948571',15,182,5567,'302618','10000069','2015-06-02 05:05:18'),('cf8ba89a-4945-4e18-8f1d-9e2b84a147e3','2015-05-21 18:52:53','Consultation','outpatient','98432608266',15,182,5559,'302618','10000069','2015-05-21 13:23:32'),('cfcd48dd-b38a-439e-af46-7365b264742c','2015-05-26 18:23:44','Consultation','outpatient','98506029969',15,182,5564,'302618','10000069','2015-05-26 12:53:45'),('cfdeee19-067b-4913-ad63-6365f2ef2729','2015-05-28 10:34:10','Consultation','outpatient','98530718074',15,182,5566,'302618','10000069','2015-05-28 05:04:15'),('d1fed653-56e8-46f8-9d95-716c20aa9b01','2015-05-28 17:47:55','Consultation','outpatient','98535152121',15,182,5566,'302618','10000069','2015-06-02 05:05:15'),('d2259796-1033-4155-92d0-0508c41bb208','2015-05-28 17:47:05','Consultation','outpatient','98535152279',15,182,5566,'302618','10000069','2015-06-02 05:05:14'),('d30d4687-6e40-4a7d-aa0b-25ec072acff2','2015-05-21 18:52:53','Consultation','outpatient','98432608266',15,182,5559,'302618','10000069','2015-05-21 13:23:32'),('d37cb8a2-3581-457a-b9a7-11908eb5165e','2015-05-28 10:34:05','Consultation','outpatient','98530718462',15,182,5566,'302618','10000069','2015-05-28 05:04:15'),('d61eec68-92bf-4af6-b171-1726f0757ca7','2015-05-20 11:29:08','Consultation','outpatient','11569128243',15,181,5529,'302618','10000069','2015-05-20 05:59:44'),('d64d8012-5c53-42ef-8c23-711cd2e2cf5f','2015-05-26 15:32:21','Consultation','outpatient','98504278824',15,182,5564,'302618','10000069','2015-05-26 10:02:26'),('d755c8de-6685-4e2b-9ff8-f1602fe5a364','2015-05-29 17:52:52','Consultation','outpatient','98549949413',15,182,5567,'302618','10000069','2015-06-02 05:05:19'),('d76e3cfb-eb5c-4ec6-bc47-da7741472a65','2015-06-03 14:17:59','Consultation','outpatient','98621486037',15,183,5572,'302618','10000069','2015-06-03 08:48:05'),('d8379a27-8834-4f0b-8c26-d4bc29d6284d','2015-05-29 14:49:57','Consultation','outpatient','98548084899',15,182,5567,'302618','10000069','2015-06-02 05:05:16'),('d859ec69-d6e2-45bf-8eed-b4bd7644cabd','2015-05-27 12:29:49','REG','field','98517150093',33,396,12079,'302607','10019852','2015-05-27 07:00:25'),('d97b0526-f242-42c4-ace4-663d925b8b58','2015-05-28 10:35:14','Consultation','outpatient','98530727695',15,182,5566,'302618','10000069','2015-05-28 05:05:26'),('dad79bf6-cd11-45b2-887e-5b50285be0f7','2015-05-29 15:44:20','Consultation','outpatient','98548637555',15,182,5567,'302618','10000069','2015-06-02 05:05:17'),('dba137b5-5f8d-49fe-b2ba-7ece496028dc','2015-05-29 17:53:40','Consultation','outpatient','98549958737',15,182,5567,'302618','10000069','2015-06-02 05:05:19'),('dc3d5d1e-5bf4-4e13-8e57-97f0089d2063','2015-05-21 18:52:58','Consultation','outpatient','98432609009',15,182,5559,'302618','10000069','2015-05-21 13:23:42'),('dc5826be-0095-493f-beb3-b437ee4d3cac','2015-05-29 17:52:46','Consultation','outpatient','98549948571',15,182,5567,'302618','10000069','2015-06-02 05:05:18'),('dc8818d1-525b-46e2-91ed-ca34edb2717f','2015-05-26 18:23:48','Consultation','outpatient','98506028805',15,182,5564,'302618','10000069','2015-05-26 12:53:56'),('dcc7f82a-9b0d-4f5b-9052-90471638d0b6','2015-06-03 14:17:57','Consultation','outpatient','98621475816',15,183,5572,'302618','10000069','2015-06-03 08:48:05'),('dd4ec95a-2a55-47b7-8c44-2b396f5ea378','2015-05-28 11:48:58','Consultation','outpatient','98531486515',15,182,5566,'302618','10000069','2015-05-28 06:19:05'),('dd6306c4-125a-4604-ae48-b081b87ff3c2','2015-05-28 17:37:19','OPD','field','98535038841',15,181,5537,'302607','10019852','2015-06-02 05:05:13'),('de0915cd-d4b3-46e4-81bb-7d7050b47cdb','2015-05-29 17:52:44','Consultation','outpatient','98549948308',15,182,5567,'302618','10000069','2015-06-02 05:05:18'),('df081b98-74da-4773-a16a-749b5b37019c','2015-05-28 17:47:04','Consultation','outpatient','98535151685',15,182,5566,'302618','10000069','2015-06-02 05:05:14'),('df22e633-ca0c-4d9f-a36a-7dbcc6993606','2015-05-20 11:29:03','Consultation','outpatient','98413316616',15,182,5558,'302618','10000069','2015-05-20 05:59:44'),('e1ee7b89-c587-4664-acf6-0bdf741a4529','2015-05-25 13:58:27','REG','field','98488580856',20,240,7321,'302607','10019852','2015-05-25 08:29:21'),('e2485f22-29a9-4796-b91f-53633a94c208','2015-05-20 11:29:11','Consultation','outpatient','98413315857',15,182,5558,'302618','10000069','2015-05-20 05:59:59'),('e26b3904-f799-4cbe-a29e-95c8d57afe23','2015-05-29 14:49:52','Consultation','outpatient','98548075426',15,182,5567,'302618','10000069','2015-06-02 05:05:15'),('e287df1a-8077-4cc5-b443-f4872a4ff454','2015-05-21 18:09:14','REG','field','98432168295',20,240,7309,'302618','10019842','2015-05-21 12:40:14'),('e3e5a3b4-0d2b-409b-8a33-c4d71543869a','2015-05-28 16:53:10','Consultation','outpatient','98534599017',15,182,5566,'302618','10000069','2015-05-28 11:23:13'),('e3eff582-1cd4-4a94-b629-cca2b95247c6','2015-05-28 10:35:13','Consultation','outpatient','98530728263',15,182,5566,'302618','10000069','2015-05-28 05:05:26'),('e5ebf025-eab7-4a4a-94c8-e3b58e6d1498','2015-05-29 15:43:39','Consultation','outpatient','98548627416',15,182,5567,'302618','10000069','2015-06-02 05:05:17'),('e6a427bf-4671-4551-9305-b974e79e854b','2015-05-28 11:49:49','Consultation','outpatient','98531486044',15,182,5566,'302618','10000069','2015-05-28 06:19:57'),('e77cff0f-a76b-4fe8-acf3-8087d58fec50','2015-05-20 11:29:11','Consultation','outpatient','98413315857',15,182,5558,'302618','10000069','2015-05-20 05:59:59'),('e9f3aa4b-6973-461f-bb38-c56727c56e40','2015-05-28 10:57:22','Consultation','outpatient','98530954083',15,182,5566,'302618','10000069','2015-05-28 05:27:26'),('eb99efcb-e6a1-4987-acc6-fb7221335f01','2015-05-28 16:53:58','Consultation','outpatient','98534598720',15,182,5566,'302618','10000069','2015-05-28 11:24:04'),('ec0f9c1b-59eb-479b-965a-4c8e0813aa60','2015-05-21 18:53:49','Consultation','outpatient','98432618729',15,182,5559,'302618','10000069','2015-05-21 13:24:34'),('ec1c9663-0a2e-495d-81ba-85897c51d8b9','2015-05-28 10:35:13','Consultation','outpatient','98530728263',15,182,5566,'302618','10000069','2015-05-28 05:05:26'),('ec86cab2-8118-4357-b426-770063543aa0','2015-05-29 14:50:47','Consultation','outpatient','98548085060',15,182,5567,'302618','10000069','2015-06-02 05:05:16'),('ed1c328c-d229-4c55-85a6-1c3334b20e1a','2015-05-21 18:53:46','Consultation','outpatient','11569149358',15,181,5530,'302618','10000069','2015-05-21 13:24:23'),('edbdc61d-6285-4af3-80f6-648abfefba10','2015-05-21 18:53:49','Consultation','outpatient','98432619347',15,182,5559,'302618','10000069','2015-05-21 13:24:33'),('ee7a5feb-4597-45d8-958d-37b6dc28b4ab','2015-05-26 15:33:15','Consultation','outpatient','98504289268',15,182,5564,'302618','10000069','2015-05-26 10:03:17'),('ef534330-4002-4d2d-a107-fc6f0683f09c','2015-05-25 14:11:52','REG','field','98488713366',51,612,18645,'302607','10019852','2015-05-25 08:42:21'),('f0292806-8762-43de-b3b1-a5152ee4562c','2015-05-28 16:53:08','Consultation','outpatient','98534598985',15,182,5566,'302618','10000069','2015-05-28 11:23:13'),('f113baa9-49f6-46b8-a623-4fae24a7b6a7','2015-05-29 17:53:41','Consultation','outpatient','98549959057',15,182,5567,'302618','10000069','2015-06-02 05:05:19'),('f180a878-bab5-475f-9349-c017e012c148','2015-05-27 11:21:16','Consultation','outpatient','98516453811',15,182,5565,'302618','10000069','2015-05-27 05:51:26'),('f252645d-2581-4b91-88ae-c882f5b2c8b0','2015-05-28 11:49:50','Consultation','outpatient','98531485855',15,182,5566,'302618','10000069','2015-05-28 06:19:57'),('f2a304a5-c505-432e-ae1a-6e3b88c257d9','2015-05-21 18:53:42','Consultation','outpatient','98432618372',15,182,5559,'302618','10000069','2015-05-21 13:24:23'),('f301108b-bbcb-43d8-b3a6-90b3da6571dd','2015-05-21 18:53:49','Consultation','outpatient','98432618729',15,182,5559,'302618','10000069','2015-05-21 13:24:34'),('f3045ef9-0f94-4ebd-9fdb-f3d49b198535','2015-05-20 11:27:54','Consultation','outpatient','98413306872',15,182,5558,'302618','10000069','2015-05-20 05:58:34'),('f3fab341-8ef9-45da-9caf-739c1335d7e3','2015-06-03 14:36:28','Consultation','outpatient','98621669921',15,183,5572,'302618','10000069','2015-06-03 09:06:34'),('f40916b1-1fe3-4684-99dc-74f44a813b17','2015-05-27 11:21:18','Consultation','outpatient','98516453506',15,182,5565,'302618','10000069','2015-05-27 05:51:26'),('f4823570-5f18-4f90-a549-ce5ad891e117','2015-05-27 11:21:22','Consultation','outpatient','98516453837',15,182,5565,'302618','10000069','2015-05-27 05:51:27'),('f4e0ae19-c868-4c85-85f9-55506d466b57','2015-05-21 18:53:49','Consultation','outpatient','98432619370',15,182,5559,'302618','10000069','2015-05-21 13:24:33'),('f5dac2d2-87f5-484e-a0a5-0a31c41daf3d','2015-06-03 14:36:24','Consultation','outpatient','98621670168',15,183,5572,'302618','10000069','2015-06-03 09:06:33'),('f66c9767-5c8f-4e31-9e22-e2ec39809249','2015-05-27 11:21:18','Consultation','outpatient','98516453316',15,182,5565,'302618','10000069','2015-05-27 05:51:26'),('f6ed9497-1ef5-4c3a-8314-c02adfc317c5','2015-05-29 15:43:33','Consultation','outpatient','98548627671',15,182,5567,'302618','10000069','2015-06-02 05:05:16'),('f724870e-725f-48a1-a438-22f97bcc972c','2015-06-03 14:36:27','Consultation','outpatient','98621669368',15,183,5572,'302618','10000069','2015-06-03 09:06:33'),('fa657fa9-1025-4c6d-8d48-d63359d1a899','2015-05-20 11:29:03','Consultation','outpatient','98413316517',15,182,5558,'302618','10000069','2015-05-20 05:59:44'),('fad57d89-af50-4cb1-9376-7d34e2e86637','2015-05-21 18:52:58','Consultation','outpatient','98432609009',15,182,5559,'302618','10000069','2015-05-21 13:23:42'),('fb428e66-1aeb-4045-8aa7-dafea7c28a0a','2015-05-27 12:05:51','REG','field','98516904607',33,396,12079,'302618','10019842','2015-05-27 06:37:13'),('fc56325b-1936-4d12-be63-8157311431bd','2015-05-29 18:14:58','Consultation','outpatient','98550184918',15,182,5567,'302618','10000069','2015-06-02 05:05:19'),('fde179f9-81a4-46b9-8335-184c411db176','2015-06-03 14:39:29','Consultation','outpatient','98621699860',15,183,5572,'302618','10000069','2015-06-03 09:09:36'),('fe520f99-285b-4a92-8029-9b22b30ec8fb','2015-05-26 15:32:25','Consultation','outpatient','98504278691',15,182,5564,'302618','10000069','2015-05-26 10:02:27'),('feb1befd-8bfb-41d1-a8ea-62ec12d0461a','2015-05-28 17:36:52','REG','field','98535038841',15,181,5537,'302607','10019852','2015-06-02 05:05:13'),('ff071147-c8f0-4149-a638-2f8d8a41c2e6','2015-05-21 18:53:47','Consultation','outpatient','11569128243',15,181,5530,'302618','10000069','2015-05-21 13:24:33'),('ff3d3f8a-19e2-4e94-91f6-92a100e98ca2','2015-05-27 11:22:08','Consultation','outpatient','98516463778',15,182,5565,'302618','10000069','2015-05-27 05:52:18'),('ffb99b06-f51a-4886-93d7-257796964737','2015-05-29 15:43:39','Consultation','outpatient','98548627416',15,182,5567,'302618','10000069','2015-06-02 05:05:17'),('ffef6deb-cc80-4dd4-835c-6fa4531b747a','2015-05-27 11:08:15','Consultation','outpatient','98516320226',15,182,5565,'302618','10000069','2015-05-27 05:38:24');
/*!40000 ALTER TABLE `encounter` ENABLE KEYS */;
UNLOCK TABLES;

--
-- Table structure for table `facility`
--

DROP TABLE IF EXISTS `facility`;
/*!40101 SET @saved_cs_client     = @@character_set_client */;
/*!40101 SET character_set_client = utf8 */;
CREATE TABLE `facility` (
  `facility_id` varchar(20) NOT NULL,
  `name` varchar(50) DEFAULT NULL,
  `type` varchar(255) DEFAULT NULL,
  `location_id` varchar(20) DEFAULT NULL,
  `dhis_org_unit_uid` varchar(15) DEFAULT NULL,
  `created_at` datetime DEFAULT CURRENT_TIMESTAMP,
  PRIMARY KEY (`facility_id`)
) ENGINE=InnoDB DEFAULT CHARSET=utf8;
/*!40101 SET character_set_client = @saved_cs_client */;

--
-- Dumping data for table `facility`
--

LOCK TABLES `facility` WRITE;
/*!40000 ALTER TABLE `facility` DISABLE KEYS */;
INSERT INTO `facility` VALUES ('10000069','Dohar Upazila Health Complex','Upazila Health Complex','302618',NULL,'2015-05-20 11:28:34'),('10019842','Bahmni2','Medical University','302618',NULL,'2015-05-21 16:59:13'),('10019852','Bahmni on cloud Local2','200-250 bed Hospital (not district hospital)','302607',NULL,'2015-05-21 16:24:16');
/*!40000 ALTER TABLE `facility` ENABLE KEYS */;
UNLOCK TABLES;

--
-- Table structure for table `failed_events`
--

DROP TABLE IF EXISTS `failed_events`;
/*!40101 SET @saved_cs_client     = @@character_set_client */;
/*!40101 SET character_set_client = utf8 */;
CREATE TABLE `failed_events` (
  `id` bigint(20) NOT NULL AUTO_INCREMENT,
  `feed_uri` varchar(255) DEFAULT NULL,
  `failed_at` datetime DEFAULT NULL,
  `error_message` varchar(4000) DEFAULT NULL,
  `event_id` varchar(255) DEFAULT NULL,
  `event_content` text,
  `error_hash_code` int(11) DEFAULT NULL,
  `title` varchar(255) DEFAULT NULL,
  PRIMARY KEY (`id`)
) ENGINE=InnoDB AUTO_INCREMENT=7 DEFAULT CHARSET=utf8;
/*!40101 SET character_set_client = @saved_cs_client */;

--
-- Dumping data for table `failed_events`
--

LOCK TABLES `failed_events` WRITE;
/*!40000 ALTER TABLE `failed_events` DISABLE KEYS */;
INSERT INTO `failed_events` VALUES (1,'http://172.18.46.56:9080/openmrs/ws/atomfeed/concept/recent','2015-06-03 14:55:28','java.lang.NullPointerException\n	at org.sharedhealth.datasense.processor.tr.ConceptProcessor.processReferenceTerms(ConceptProcessor.java:39)\n	at org.sharedhealth.datasense.processor.tr.ConceptProcessor.process(ConceptProcessor.java:24)\n	at org.sharedhealth.datasense.feeds.tr.ConceptEventWorker.process(ConceptEventWorker.java:36)\n	at org.ict4h.atomfeed.client.service.AtomFeedClient$FailedEventProcessor.doInTransaction(AtomFeedClient.java:245)\n	at org.ict4h.atomfeed.transaction.AFTransactionWorkWithoutResult.execute(AFTransactionWorkWithoutResult.java:6)\n	at org.sharedhealth.datasense.feeds.transaction.AtomFeedSpringTransactionManager$1.doInTransaction(AtomFeedSpringTransactionManager.java:38)\n	at org.springframework.transaction.support.TransactionTemplate.execute(TransactionTemplate.java:133)\n	at org.sharedhealth.datasense.feeds.transaction.AtomFeedSpringTransactionManager.executeWithTransaction(AtomFeedSpringTransactionManager.java:35)\n	at org.ict4h.atomfeed.client.service.AtomFeedClient.processFailedEvents(AtomFeedClient.java:99)\n	at org.sharedhealth.datasense.feeds.tr.TRFeedProcessor.process(TRFeedProcessor.java:45)\n	at org.sharedhealth.datasense.scheduler.jobs.TrConceptSyncJob.start(TrConceptSyncJob.java:39)\n	at sun.reflect.GeneratedMethodAccessor266.invoke(Unknown Source)\n	at sun.reflect.DelegatingMethodAccessorImpl.invoke(DelegatingMethodAccessorImpl.java:43)\n	at java.lang.reflect.Method.invoke(Method.java:606)\n	at org.springframework.scheduling.support.ScheduledMethodRunnable.run(ScheduledMethodRunnable.java:65)\n	at org.springframework.scheduling.support.DelegatingErrorHandlingRunnable.run(DelegatingErrorHandlingRunnable.java:54)\n	at java.util.concurrent.Executors$RunnableAdapter.call(Executors.java:471)\n	at java.util.concurrent.FutureTask.runAndReset(FutureTask.java:304)\n	at java.util.concurrent.ScheduledThreadPoolExecutor$ScheduledFutureTask.access$301(ScheduledThreadPoolExecutor.java:178)\n	at java.util.concurrent.ScheduledThreadPoolExecutor$ScheduledFutureTask.run(ScheduledThreadPoolExecutor.java:293)\n	at java.util.concurrent.ThreadPoolExecutor.runWorker(ThreadPoolExecutor.java:1145)\n	at java.util.concurrent.ThreadPoolExecutor$Worker.run(ThreadPoolExecutor.java:615)\n	at java.lang.Thread.run(Thread.java:745)\n','tag:atomfeed.ict4h.org:0d0c9b3e-76c8-45e2-8978-42212752965d','/openmrs/ws/rest/v1/tr/concepts/fb3b0d8d-ea62-4933-8ac1-e213551cdafb',-219398367,'concept'),(2,'http://172.18.46.56:9080/openmrs/ws/atomfeed/concept/recent','2015-06-03 14:55:28','java.lang.NullPointerException\n	at org.sharedhealth.datasense.processor.tr.ConceptProcessor.processReferenceTerms(ConceptProcessor.java:39)\n	at org.sharedhealth.datasense.processor.tr.ConceptProcessor.process(ConceptProcessor.java:24)\n	at org.sharedhealth.datasense.feeds.tr.ConceptEventWorker.process(ConceptEventWorker.java:36)\n	at org.ict4h.atomfeed.client.service.AtomFeedClient$FailedEventProcessor.doInTransaction(AtomFeedClient.java:245)\n	at org.ict4h.atomfeed.transaction.AFTransactionWorkWithoutResult.execute(AFTransactionWorkWithoutResult.java:6)\n	at org.sharedhealth.datasense.feeds.transaction.AtomFeedSpringTransactionManager$1.doInTransaction(AtomFeedSpringTransactionManager.java:38)\n	at org.springframework.transaction.support.TransactionTemplate.execute(TransactionTemplate.java:133)\n	at org.sharedhealth.datasense.feeds.transaction.AtomFeedSpringTransactionManager.executeWithTransaction(AtomFeedSpringTransactionManager.java:35)\n	at org.ict4h.atomfeed.client.service.AtomFeedClient.processFailedEvents(AtomFeedClient.java:99)\n	at org.sharedhealth.datasense.feeds.tr.TRFeedProcessor.process(TRFeedProcessor.java:45)\n	at org.sharedhealth.datasense.scheduler.jobs.TrConceptSyncJob.start(TrConceptSyncJob.java:39)\n	at sun.reflect.GeneratedMethodAccessor266.invoke(Unknown Source)\n	at sun.reflect.DelegatingMethodAccessorImpl.invoke(DelegatingMethodAccessorImpl.java:43)\n	at java.lang.reflect.Method.invoke(Method.java:606)\n	at org.springframework.scheduling.support.ScheduledMethodRunnable.run(ScheduledMethodRunnable.java:65)\n	at org.springframework.scheduling.support.DelegatingErrorHandlingRunnable.run(DelegatingErrorHandlingRunnable.java:54)\n	at java.util.concurrent.Executors$RunnableAdapter.call(Executors.java:471)\n	at java.util.concurrent.FutureTask.runAndReset(FutureTask.java:304)\n	at java.util.concurrent.ScheduledThreadPoolExecutor$ScheduledFutureTask.access$301(ScheduledThreadPoolExecutor.java:178)\n	at java.util.concurrent.ScheduledThreadPoolExecutor$ScheduledFutureTask.run(ScheduledThreadPoolExecutor.java:293)\n	at java.util.concurrent.ThreadPoolExecutor.runWorker(ThreadPoolExecutor.java:1145)\n	at java.util.concurrent.ThreadPoolExecutor$Worker.run(ThreadPoolExecutor.java:615)\n	at java.lang.Thread.run(Thread.java:745)\n','tag:atomfeed.ict4h.org:e8737462-ccfb-4db9-998a-3b5fccd94656','/openmrs/ws/rest/v1/tr/concepts/fb3b0d8d-ea62-4933-8ac1-e213551cdafb',-219398367,'concept'),(3,'http://172.18.46.56:9080/openmrs/ws/atomfeed/concept/recent','2015-06-03 14:55:28','java.lang.NullPointerException\n	at org.sharedhealth.datasense.processor.tr.ConceptProcessor.processReferenceTerms(ConceptProcessor.java:39)\n	at org.sharedhealth.datasense.processor.tr.ConceptProcessor.process(ConceptProcessor.java:24)\n	at org.sharedhealth.datasense.feeds.tr.ConceptEventWorker.process(ConceptEventWorker.java:36)\n	at org.ict4h.atomfeed.client.service.AtomFeedClient$FailedEventProcessor.doInTransaction(AtomFeedClient.java:245)\n	at org.ict4h.atomfeed.transaction.AFTransactionWorkWithoutResult.execute(AFTransactionWorkWithoutResult.java:6)\n	at org.sharedhealth.datasense.feeds.transaction.AtomFeedSpringTransactionManager$1.doInTransaction(AtomFeedSpringTransactionManager.java:38)\n	at org.springframework.transaction.support.TransactionTemplate.execute(TransactionTemplate.java:133)\n	at org.sharedhealth.datasense.feeds.transaction.AtomFeedSpringTransactionManager.executeWithTransaction(AtomFeedSpringTransactionManager.java:35)\n	at org.ict4h.atomfeed.client.service.AtomFeedClient.processFailedEvents(AtomFeedClient.java:99)\n	at org.sharedhealth.datasense.feeds.tr.TRFeedProcessor.process(TRFeedProcessor.java:45)\n	at org.sharedhealth.datasense.scheduler.jobs.TrConceptSyncJob.start(TrConceptSyncJob.java:39)\n	at sun.reflect.GeneratedMethodAccessor266.invoke(Unknown Source)\n	at sun.reflect.DelegatingMethodAccessorImpl.invoke(DelegatingMethodAccessorImpl.java:43)\n	at java.lang.reflect.Method.invoke(Method.java:606)\n	at org.springframework.scheduling.support.ScheduledMethodRunnable.run(ScheduledMethodRunnable.java:65)\n	at org.springframework.scheduling.support.DelegatingErrorHandlingRunnable.run(DelegatingErrorHandlingRunnable.java:54)\n	at java.util.concurrent.Executors$RunnableAdapter.call(Executors.java:471)\n	at java.util.concurrent.FutureTask.runAndReset(FutureTask.java:304)\n	at java.util.concurrent.ScheduledThreadPoolExecutor$ScheduledFutureTask.access$301(ScheduledThreadPoolExecutor.java:178)\n	at java.util.concurrent.ScheduledThreadPoolExecutor$ScheduledFutureTask.run(ScheduledThreadPoolExecutor.java:293)\n	at java.util.concurrent.ThreadPoolExecutor.runWorker(ThreadPoolExecutor.java:1145)\n	at java.util.concurrent.ThreadPoolExecutor$Worker.run(ThreadPoolExecutor.java:615)\n	at java.lang.Thread.run(Thread.java:745)\n','tag:atomfeed.ict4h.org:12099c20-df11-4495-a2f4-48d69b8eca8f','/openmrs/ws/rest/v1/tr/concepts/8ec423f3-5bfd-48bd-8ec7-4a09e4da2f94',-219398367,'concept'),(4,'http://172.18.46.56:9080/openmrs/ws/atomfeed/concept/recent','2015-06-03 14:55:28','java.lang.NullPointerException\n	at org.sharedhealth.datasense.processor.tr.ConceptProcessor.processReferenceTerms(ConceptProcessor.java:39)\n	at org.sharedhealth.datasense.processor.tr.ConceptProcessor.process(ConceptProcessor.java:24)\n	at org.sharedhealth.datasense.feeds.tr.ConceptEventWorker.process(ConceptEventWorker.java:36)\n	at org.ict4h.atomfeed.client.service.AtomFeedClient$FailedEventProcessor.doInTransaction(AtomFeedClient.java:245)\n	at org.ict4h.atomfeed.transaction.AFTransactionWorkWithoutResult.execute(AFTransactionWorkWithoutResult.java:6)\n	at org.sharedhealth.datasense.feeds.transaction.AtomFeedSpringTransactionManager$1.doInTransaction(AtomFeedSpringTransactionManager.java:38)\n	at org.springframework.transaction.support.TransactionTemplate.execute(TransactionTemplate.java:133)\n	at org.sharedhealth.datasense.feeds.transaction.AtomFeedSpringTransactionManager.executeWithTransaction(AtomFeedSpringTransactionManager.java:35)\n	at org.ict4h.atomfeed.client.service.AtomFeedClient.processFailedEvents(AtomFeedClient.java:99)\n	at org.sharedhealth.datasense.feeds.tr.TRFeedProcessor.process(TRFeedProcessor.java:45)\n	at org.sharedhealth.datasense.scheduler.jobs.TrConceptSyncJob.start(TrConceptSyncJob.java:39)\n	at sun.reflect.GeneratedMethodAccessor266.invoke(Unknown Source)\n	at sun.reflect.DelegatingMethodAccessorImpl.invoke(DelegatingMethodAccessorImpl.java:43)\n	at java.lang.reflect.Method.invoke(Method.java:606)\n	at org.springframework.scheduling.support.ScheduledMethodRunnable.run(ScheduledMethodRunnable.java:65)\n	at org.springframework.scheduling.support.DelegatingErrorHandlingRunnable.run(DelegatingErrorHandlingRunnable.java:54)\n	at java.util.concurrent.Executors$RunnableAdapter.call(Executors.java:471)\n	at java.util.concurrent.FutureTask.runAndReset(FutureTask.java:304)\n	at java.util.concurrent.ScheduledThreadPoolExecutor$ScheduledFutureTask.access$301(ScheduledThreadPoolExecutor.java:178)\n	at java.util.concurrent.ScheduledThreadPoolExecutor$ScheduledFutureTask.run(ScheduledThreadPoolExecutor.java:293)\n	at java.util.concurrent.ThreadPoolExecutor.runWorker(ThreadPoolExecutor.java:1145)\n	at java.util.concurrent.ThreadPoolExecutor$Worker.run(ThreadPoolExecutor.java:615)\n	at java.lang.Thread.run(Thread.java:745)\n','tag:atomfeed.ict4h.org:19301d6c-949a-42a1-91de-28daf7de5521','/openmrs/ws/rest/v1/tr/concepts/8ec423f3-5bfd-48bd-8ec7-4a09e4da2f94',-219398367,'concept'),(5,'http://172.18.46.56:9080/openmrs/ws/atomfeed/concept/recent','2015-06-03 14:55:28','java.lang.NullPointerException\n	at org.sharedhealth.datasense.processor.tr.ConceptProcessor.processReferenceTerms(ConceptProcessor.java:39)\n	at org.sharedhealth.datasense.processor.tr.ConceptProcessor.process(ConceptProcessor.java:24)\n	at org.sharedhealth.datasense.feeds.tr.ConceptEventWorker.process(ConceptEventWorker.java:36)\n	at org.ict4h.atomfeed.client.service.AtomFeedClient$FailedEventProcessor.doInTransaction(AtomFeedClient.java:245)\n	at org.ict4h.atomfeed.transaction.AFTransactionWorkWithoutResult.execute(AFTransactionWorkWithoutResult.java:6)\n	at org.sharedhealth.datasense.feeds.transaction.AtomFeedSpringTransactionManager$1.doInTransaction(AtomFeedSpringTransactionManager.java:38)\n	at org.springframework.transaction.support.TransactionTemplate.execute(TransactionTemplate.java:133)\n	at org.sharedhealth.datasense.feeds.transaction.AtomFeedSpringTransactionManager.executeWithTransaction(AtomFeedSpringTransactionManager.java:35)\n	at org.ict4h.atomfeed.client.service.AtomFeedClient.processFailedEvents(AtomFeedClient.java:99)\n	at org.sharedhealth.datasense.feeds.tr.TRFeedProcessor.process(TRFeedProcessor.java:45)\n	at org.sharedhealth.datasense.scheduler.jobs.TrConceptSyncJob.start(TrConceptSyncJob.java:39)\n	at sun.reflect.GeneratedMethodAccessor266.invoke(Unknown Source)\n	at sun.reflect.DelegatingMethodAccessorImpl.invoke(DelegatingMethodAccessorImpl.java:43)\n	at java.lang.reflect.Method.invoke(Method.java:606)\n	at org.springframework.scheduling.support.ScheduledMethodRunnable.run(ScheduledMethodRunnable.java:65)\n	at org.springframework.scheduling.support.DelegatingErrorHandlingRunnable.run(DelegatingErrorHandlingRunnable.java:54)\n	at java.util.concurrent.Executors$RunnableAdapter.call(Executors.java:471)\n	at java.util.concurrent.FutureTask.runAndReset(FutureTask.java:304)\n	at java.util.concurrent.ScheduledThreadPoolExecutor$ScheduledFutureTask.access$301(ScheduledThreadPoolExecutor.java:178)\n	at java.util.concurrent.ScheduledThreadPoolExecutor$ScheduledFutureTask.run(ScheduledThreadPoolExecutor.java:293)\n	at java.util.concurrent.ThreadPoolExecutor.runWorker(ThreadPoolExecutor.java:1145)\n	at java.util.concurrent.ThreadPoolExecutor$Worker.run(ThreadPoolExecutor.java:615)\n	at java.lang.Thread.run(Thread.java:745)\n','tag:atomfeed.ict4h.org:5149d869-cad6-4ee2-8ce0-3ac14ed5d5df','/openmrs/ws/rest/v1/tr/concepts/8ec423f3-5bfd-48bd-8ec7-4a09e4da2f94',-219398367,'concept'),(6,'http://172.18.46.56:9080/openmrs/ws/atomfeed/concept/recent','2015-06-02 10:35:34','java.lang.NullPointerException\n	at org.sharedhealth.datasense.processor.tr.ConceptProcessor.processReferenceTerms(ConceptProcessor.java:39)\n	at org.sharedhealth.datasense.processor.tr.ConceptProcessor.process(ConceptProcessor.java:24)\n	at org.sharedhealth.datasense.feeds.tr.ConceptEventWorker.process(ConceptEventWorker.java:36)\n	at org.ict4h.atomfeed.client.service.AtomFeedClient$EventProcessor.doInTransaction(AtomFeedClient.java:162)\n	at org.ict4h.atomfeed.transaction.AFTransactionWorkWithoutResult.execute(AFTransactionWorkWithoutResult.java:6)\n	at org.sharedhealth.datasense.feeds.transaction.AtomFeedSpringTransactionManager$1.doInTransaction(AtomFeedSpringTransactionManager.java:38)\n	at org.springframework.transaction.support.TransactionTemplate.execute(TransactionTemplate.java:133)\n	at org.sharedhealth.datasense.feeds.transaction.AtomFeedSpringTransactionManager.executeWithTransaction(AtomFeedSpringTransactionManager.java:35)\n	at org.ict4h.atomfeed.client.service.AtomFeedClient.processEvents(AtomFeedClient.java:69)\n	at org.sharedhealth.datasense.feeds.tr.TRFeedProcessor.process(TRFeedProcessor.java:44)\n	at org.sharedhealth.datasense.scheduler.jobs.TrConceptSyncJob.start(TrConceptSyncJob.java:39)\n	at sun.reflect.NativeMethodAccessorImpl.invoke0(Native Method)\n	at sun.reflect.NativeMethodAccessorImpl.invoke(NativeMethodAccessorImpl.java:57)\n	at sun.reflect.DelegatingMethodAccessorImpl.invoke(DelegatingMethodAccessorImpl.java:43)\n	at java.lang.reflect.Method.invoke(Method.java:606)\n	at org.springframework.scheduling.support.ScheduledMethodRunnable.run(ScheduledMethodRunnable.java:65)\n	at org.springframework.scheduling.support.DelegatingErrorHandlingRunnable.run(DelegatingErrorHandlingRunnable.java:54)\n	at java.util.concurrent.Executors$RunnableAdapter.call(Executors.java:471)\n	at java.util.concurrent.FutureTask.runAndReset(FutureTask.java:304)\n	at java.util.concurrent.ScheduledThreadPoolExecutor$ScheduledFutureTask.access$301(ScheduledThreadPoolExecutor.java:178)\n	at java.util.concurrent.ScheduledThreadPoolExecutor$ScheduledFutureTask.run(ScheduledThreadPoolExecutor.java:293)\n	at java.util.concurrent.ThreadPoolExecutor.runWorker(ThreadPoolExecutor.java:1145)\n	at java.util.concurrent.ThreadPoolExecutor$Worker.run(ThreadPoolExecutor.java:615)\n	at java.lang.Thread.run(Thread.java:745)\n','tag:atomfeed.ict4h.org:09790517-0bf2-41d2-868c-34e4e2a94d81','/openmrs/ws/rest/v1/tr/concepts/8ec423f3-5bfd-48bd-8ec7-4a09e4da2f94',-313457220,'concept');
/*!40000 ALTER TABLE `failed_events` ENABLE KEYS */;
UNLOCK TABLES;

--
-- Table structure for table `location`
--

DROP TABLE IF EXISTS `location`;
/*!40101 SET @saved_cs_client     = @@character_set_client */;
/*!40101 SET character_set_client = utf8 */;
CREATE TABLE `location` (
  `location_id` varchar(20) NOT NULL,
  `name` varchar(100) DEFAULT NULL,
  `type` varchar(20) DEFAULT NULL,
  `level` int(11) DEFAULT NULL,
  `parent_id` varchar(20) DEFAULT NULL,
  `code` varchar(20) NOT NULL,
  `created_at` datetime DEFAULT CURRENT_TIMESTAMP,
  PRIMARY KEY (`location_id`),
  KEY `parent_location_fk` (`parent_id`),
  CONSTRAINT `parent_location_fk` FOREIGN KEY (`parent_id`) REFERENCES `location` (`location_id`) ON DELETE CASCADE ON UPDATE CASCADE
) ENGINE=InnoDB DEFAULT CHARSET=utf8;
/*!40101 SET character_set_client = @saved_cs_client */;

--
-- Dumping data for table `location`
--

LOCK TABLES `location` WRITE;
/*!40000 ALTER TABLE `location` DISABLE KEYS */;
/*!40000 ALTER TABLE `location` ENABLE KEYS */;
UNLOCK TABLES;

--
-- Table structure for table `markers`
--

DROP TABLE IF EXISTS `markers`;
/*!40101 SET @saved_cs_client     = @@character_set_client */;
/*!40101 SET character_set_client = utf8 */;
CREATE TABLE `markers` (
  `feed_uri` varchar(255) NOT NULL,
  `last_read_entry_id` varchar(255) DEFAULT NULL,
  `feed_uri_for_last_read_entry` varchar(255) DEFAULT NULL,
  PRIMARY KEY (`feed_uri`)
) ENGINE=InnoDB DEFAULT CHARSET=utf8;
/*!40101 SET character_set_client = @saved_cs_client */;

--
-- Dumping data for table `markers`
--

LOCK TABLES `markers` WRITE;
/*!40000 ALTER TABLE `markers` DISABLE KEYS */;
INSERT INTO `markers` VALUES ('http://172.18.46.56:9080/openmrs/ws/atomfeed/concept/recent','tag:atomfeed.ict4h.org:868392e9-0f95-4920-b14d-6188f7e8417d','http://172.18.46.56:9080/openmrs/ws/atomfeed/concept/2'),('http://172.18.46.56:9080/openmrs/ws/atomfeed/conceptreferenceterm/recent','tag:atomfeed.ict4h.org:0b0d9856-27ca-434f-95c3-f1a9c402f2a7','http://172.18.46.56:9080/openmrs/ws/atomfeed/conceptreferenceterm/1'),('http://172.18.46.57:8081/catchments/3026/encounters','3fa6c610-09d0-11e5-c000-000000000000','http://172.18.46.57:8081/catchments/3026/encounters?updatedSince=2015-06-03T14%3A36%3A29.737%2B0530&lastMarker=d264cd90-09cf-11e5-c000-000000000000');
/*!40000 ALTER TABLE `markers` ENABLE KEYS */;
UNLOCK TABLES;

--
-- Table structure for table `medication`
--

DROP TABLE IF EXISTS `medication`;
/*!40101 SET @saved_cs_client     = @@character_set_client */;
/*!40101 SET character_set_client = utf8 */;
CREATE TABLE `medication` (
  `medication_id` int(11) NOT NULL AUTO_INCREMENT,
  `patient_hid` varchar(20) DEFAULT NULL,
  `encounter_id` varchar(50) DEFAULT NULL,
  `drug_id` varchar(50) DEFAULT NULL,
  `datetime` datetime DEFAULT NULL,
  `status` varchar(2) DEFAULT NULL,
  `uuid` varchar(50) NOT NULL,
  `created_at` timestamp NULL DEFAULT CURRENT_TIMESTAMP,
  PRIMARY KEY (`medication_id`),
  UNIQUE KEY `uuid` (`uuid`)
) ENGINE=InnoDB DEFAULT CHARSET=utf8;
/*!40101 SET character_set_client = @saved_cs_client */;

--
-- Dumping data for table `medication`
--

LOCK TABLES `medication` WRITE;
/*!40000 ALTER TABLE `medication` DISABLE KEYS */;
/*!40000 ALTER TABLE `medication` ENABLE KEYS */;
UNLOCK TABLES;

--
-- Table structure for table `observation`
--

DROP TABLE IF EXISTS `observation`;
/*!40101 SET @saved_cs_client     = @@character_set_client */;
/*!40101 SET character_set_client = utf8 */;
CREATE TABLE `observation` (
  `observation_id` int(11) NOT NULL AUTO_INCREMENT,
  `patient_hid` varchar(20) DEFAULT NULL,
  `encounter_id` varchar(50) DEFAULT NULL,
  `code` varchar(10) DEFAULT NULL,
  `concept_id` varchar(50) DEFAULT NULL,
  `datetime` datetime DEFAULT NULL,
  `parent_id` varchar(50) DEFAULT NULL,
  `value` varchar(100) DEFAULT NULL,
  `uuid` varchar(50) NOT NULL,
  `created_at` timestamp NULL DEFAULT CURRENT_TIMESTAMP,
  PRIMARY KEY (`observation_id`),
  UNIQUE KEY `uuid` (`uuid`),
  KEY `parent_observation_fk` (`parent_id`),
  CONSTRAINT `parent_observation_fk` FOREIGN KEY (`parent_id`) REFERENCES `observation` (`uuid`) ON DELETE CASCADE ON UPDATE CASCADE
) ENGINE=InnoDB DEFAULT CHARSET=utf8;
/*!40101 SET character_set_client = @saved_cs_client */;

--
-- Dumping data for table `observation`
--

LOCK TABLES `observation` WRITE;
/*!40000 ALTER TABLE `observation` DISABLE KEYS */;
/*!40000 ALTER TABLE `observation` ENABLE KEYS */;
UNLOCK TABLES;

--
-- Table structure for table `patient`
--

DROP TABLE IF EXISTS `patient`;
/*!40101 SET @saved_cs_client     = @@character_set_client */;
/*!40101 SET character_set_client = utf8 */;
CREATE TABLE `patient` (
  `patient_hid` varchar(20) NOT NULL,
  `dob` datetime DEFAULT NULL,
  `gender` varchar(2) DEFAULT NULL,
  `present_location_id` varchar(20) DEFAULT NULL,
  PRIMARY KEY (`patient_hid`)
) ENGINE=InnoDB DEFAULT CHARSET=utf8;
/*!40101 SET character_set_client = @saved_cs_client */;

--
-- Dumping data for table `patient`
--

LOCK TABLES `patient` WRITE;
/*!40000 ALTER TABLE `patient` DISABLE KEYS */;
INSERT INTO `patient` VALUES ('11569128243','2000-03-30 00:00:00','M','30261860'),('11569149358','2000-03-30 00:00:00','M','30261860'),('98413305924','2000-03-01 00:00:00','M','302607'),('98413306195','2000-03-01 00:00:00','M','302607'),('98413306245','2000-03-01 00:00:00','M','302607'),('98413306443','2000-03-01 00:00:00','M','302607'),('98413306450','2000-03-01 00:00:00','M','302607'),('98413306658','2000-03-01 00:00:00','M','302607'),('98413306674','2000-03-01 00:00:00','M','302607'),('98413306872','2000-03-01 00:00:00','M','302607'),('98413315857','2000-03-01 00:00:00','M','302607'),('98413315949','2000-03-01 00:00:00','M','302607'),('98413316103','2000-03-01 00:00:00','M','302607'),('98413316210','2000-03-01 00:00:00','M','302607'),('98413316301','1990-05-01 00:00:00','M','302618'),('98413316384','2000-03-01 00:00:00','M','302607'),('98413316400','2000-03-01 00:00:00','M','302607'),('98413316442','2000-03-01 00:00:00','M','302607'),('98413316517','2000-03-01 00:00:00','M','302607'),('98413316558','2000-03-01 00:00:00','M','302607'),('98413316616','2000-03-01 00:00:00','M','302607'),('98413316806','2000-03-01 00:00:00','M','302607'),('98429321147','1990-05-09 00:00:00','M','302618'),('98431492175','1997-05-14 00:00:00','M','302618'),('98431738312','1989-05-17 00:00:00','M','302618'),('98431933053','1997-05-21 00:00:00','M','302618'),('98431983595','1984-05-16 00:00:00','M','302618'),('98432076514','1997-05-20 00:00:00','M','302618'),('98432168295','1995-05-17 00:00:00','M','302618'),('98432608217','2000-03-01 00:00:00','M','302607'),('98432608266','2000-03-01 00:00:00','M','302607'),('98432608381','2000-03-01 00:00:00','M','302607'),('98432608480','2000-03-01 00:00:00','M','302607'),('98432608522','2000-03-01 00:00:00','M','302607'),('98432608555','2000-03-01 00:00:00','M','302607'),('98432609009','2000-03-01 00:00:00','M','302607'),('98432609124','2000-03-01 00:00:00','M','302607'),('98432618356','2000-03-01 00:00:00','M','302607'),('98432618372','2000-03-01 00:00:00','M','302607'),('98432618414','2000-03-01 00:00:00','M','302607'),('98432618729','2000-03-01 00:00:00','M','302607'),('98432618976','2000-03-01 00:00:00','M','302607'),('98432619073','2000-03-01 00:00:00','M','302607'),('98432619123','2000-03-01 00:00:00','M','302607'),('98432619198','2000-03-01 00:00:00','M','302607'),('98432619297','2000-03-01 00:00:00','M','302607'),('98432619347','2000-03-01 00:00:00','M','302607'),('98432619370','2000-03-01 00:00:00','M','302607'),('98487648092','1980-05-05 00:00:00','M','302618'),('98488580856','1995-05-09 00:00:00','M','302618'),('98488713366','1964-05-07 00:00:00','M','302618'),('98489686744','1995-05-15 00:00:00','M','302618'),('98503736020','2000-03-30 00:00:00','M','30261860'),('98504257307','2000-03-01 00:00:00','M','302607'),('98504257497','2000-03-01 00:00:00','M','302607'),('98504257521','2000-03-01 00:00:00','M','302607'),('98504257711','2000-03-01 00:00:00','M','302607'),('98504257802','2000-03-01 00:00:00','M','302607'),('98504258388','2000-03-01 00:00:00','M','302607'),('98504258495','2000-03-01 00:00:00','M','302607'),('98504267793','2000-03-01 00:00:00','M','302607'),('98504268064','2000-03-01 00:00:00','M','302607'),('98504268106','2000-03-01 00:00:00','M','302607'),('98504268197','2000-03-01 00:00:00','M','302607'),('98504268254','2000-03-01 00:00:00','M','302607'),('98504277818','2000-03-01 00:00:00','M','302607'),('98504278105','2000-03-01 00:00:00','M','302607'),('98504278311','2000-03-01 00:00:00','M','302607'),('98504278691','2000-03-01 00:00:00','M','302607'),('98504278733','2000-03-01 00:00:00','M','302607'),('98504278808','2000-03-01 00:00:00','M','302607'),('98504278824','2000-03-01 00:00:00','M','302607'),('98504278956','2000-03-01 00:00:00','M','302607'),('98504288195','2000-03-01 00:00:00','M','302607'),('98504288559','2000-03-01 00:00:00','M','302607'),('98504289185','2000-03-01 00:00:00','M','302607'),('98504289268','2000-03-01 00:00:00','M','302607'),('98506028805','2000-03-01 00:00:00','M','302607'),('98506029449','2000-03-01 00:00:00','M','302607'),('98506029464','2000-03-01 00:00:00','M','302607'),('98506029837','2000-03-01 00:00:00','M','302607'),('98506029852','2000-03-01 00:00:00','M','302607'),('98506029969','2000-03-01 00:00:00','M','302607'),('98506030009','2000-03-01 00:00:00','M','302607'),('98506030041','2000-03-01 00:00:00','M','302607'),('98506039083','2000-03-01 00:00:00','M','302607'),('98506039281','2000-03-01 00:00:00','M','302607'),('98506039299','2000-03-01 00:00:00','M','302607'),('98506039448','2000-03-01 00:00:00','M','302607'),('98516320226','2000-03-01 00:00:00','M','302607'),('98516320317','2000-03-01 00:00:00','M','302607'),('98516320358','2000-03-01 00:00:00','M','302607'),('98516320424','2000-03-01 00:00:00','M','302607'),('98516320952','2000-03-01 00:00:00','M','302607'),('98516321117','2000-03-01 00:00:00','M','302607'),('98516321133','2000-03-01 00:00:00','M','302607'),('98516321182','2000-03-01 00:00:00','M','302607'),('98516351114','2000-03-01 00:00:00','M','302607'),('98516351734','2000-03-01 00:00:00','M','302607'),('98516351775','2000-03-01 00:00:00','M','302607'),('98516351882','2000-03-01 00:00:00','M','302607'),('98516453316','2000-03-01 00:00:00','M','302607'),('98516453506','2000-03-01 00:00:00','M','302607'),('98516453811','2000-03-01 00:00:00','M','302607'),('98516453837','2000-03-01 00:00:00','M','302607'),('98516453878','2000-03-01 00:00:00','M','302607'),('98516454215','2000-03-01 00:00:00','M','302607'),('98516454314','2000-03-01 00:00:00','M','302607'),('98516454330','2000-03-01 00:00:00','M','302607'),('98516463562','2000-03-01 00:00:00','M','302607'),('98516463778','2000-03-01 00:00:00','M','302607'),('98516463943','2000-03-01 00:00:00','M','302607'),('98516464081','2000-03-01 00:00:00','M','302607'),('98516842542','1982-05-01 00:00:00','M','302607'),('98516904607','1982-05-01 00:00:00','M','302607'),('98516996868','1982-05-01 00:00:00','M','302607'),('98517057520','1996-05-09 00:00:00','M','302618'),('98517150093','1982-05-01 00:00:00','M','302607'),('98517159813','1982-05-01 00:00:00','M','302607'),('98530718074','2000-03-01 00:00:00','M','302607'),('98530718132','2000-03-01 00:00:00','M','302607'),('98530718165','2000-03-01 00:00:00','M','302607'),('98530718363','2000-03-01 00:00:00','M','302607'),('98530718462','2000-03-01 00:00:00','M','302607'),('98530718470','2000-03-01 00:00:00','M','302607'),('98530718520','2000-03-01 00:00:00','M','302607'),('98530718694','2000-03-01 00:00:00','M','302607'),('98530727695','2000-03-01 00:00:00','M','302607'),('98530728008','2000-03-01 00:00:00','M','302607'),('98530728263','2000-03-01 00:00:00','M','302607'),('98530728727','2000-03-01 00:00:00','M','302607'),('98530942799','2000-03-01 00:00:00','M','302607'),('98530942955','2000-03-01 00:00:00','M','302607'),('98530943144','2000-03-01 00:00:00','M','302607'),('98530943268','2000-03-01 00:00:00','M','302607'),('98530943417','2000-03-01 00:00:00','M','302607'),('98530943599','2000-03-01 00:00:00','M','302607'),('98530943763','2000-03-01 00:00:00','M','302607'),('98530943953','2000-03-01 00:00:00','M','302607'),('98530952970','2000-03-01 00:00:00','M','302607'),('98530953069','2000-03-01 00:00:00','M','302607'),('98530954083','2000-03-01 00:00:00','M','302607'),('98530954208','2000-03-01 00:00:00','M','302607'),('98531475674','2000-03-01 00:00:00','M','302607'),('98531476037','2000-03-01 00:00:00','M','302607'),('98531485855','2000-03-01 00:00:00','M','302607'),('98531485921','2000-03-01 00:00:00','M','302607'),('98531486044','2000-03-01 00:00:00','M','302607'),('98531486143','2000-03-01 00:00:00','M','302607'),('98531486291','2000-03-01 00:00:00','M','302607'),('98531486390','2000-03-01 00:00:00','M','302607'),('98531486440','2000-03-01 00:00:00','M','302607'),('98531486515','2000-03-01 00:00:00','M','302607'),('98531486531','2000-03-01 00:00:00','M','302607'),('98531486671','2000-03-01 00:00:00','M','302607'),('98533718469','2000-03-30 00:00:00','M','30261860'),('98534598688','2000-03-01 00:00:00','M','302607'),('98534598720','2000-03-01 00:00:00','M','302607'),('98534598860','2000-03-01 00:00:00','M','302607'),('98534598985','2000-03-01 00:00:00','M','302607'),('98534599017','2000-03-01 00:00:00','M','302607'),('98534599116','2000-03-01 00:00:00','M','302607'),('98534599215','2000-03-01 00:00:00','M','302607'),('98534599397','2000-03-01 00:00:00','M','302607'),('98534599579','2000-03-01 00:00:00','M','302607'),('98534599611','2000-03-01 00:00:00','M','302607'),('98534599629','2000-03-01 00:00:00','M','302607'),('98534906444','2000-03-30 00:00:00','M','30261860'),('98535038841','2000-03-30 00:00:00','M','30261860'),('98535151529','2000-03-01 00:00:00','M','302607'),('98535151628','2000-03-01 00:00:00','M','302607'),('98535151651','2000-03-01 00:00:00','M','302607'),('98535151685','2000-03-01 00:00:00','M','302607'),('98535151750','2000-03-01 00:00:00','M','302607'),('98535151800','2000-03-01 00:00:00','M','302607'),('98535151982','2000-03-01 00:00:00','M','302607'),('98535152048','2000-03-01 00:00:00','M','302607'),('98535152121','2000-03-01 00:00:00','M','302607'),('98535152212','2000-03-01 00:00:00','M','302607'),('98535152279','2000-03-01 00:00:00','M','302607'),('98535152386','2000-03-01 00:00:00','M','302607'),('98548074643','2000-03-01 00:00:00','M','302607'),('98548075012','2000-03-01 00:00:00','M','302607'),('98548075129','2000-03-01 00:00:00','M','302607'),('98548075293','2000-03-01 00:00:00','M','302607'),('98548075426','2000-03-01 00:00:00','M','302607'),('98548084642','2000-03-01 00:00:00','M','302607'),('98548084899','2000-03-01 00:00:00','M','302607'),('98548085060','2000-03-01 00:00:00','M','302607'),('98548085482','2000-03-01 00:00:00','M','302607'),('98548085490','2000-03-01 00:00:00','M','302607'),('98548085573','2000-03-01 00:00:00','M','302607'),('98548085680','2000-03-01 00:00:00','M','302607'),('98548627416','2000-03-01 00:00:00','M','302607'),('98548627465','2000-03-01 00:00:00','M','302607'),('98548627655','2000-03-01 00:00:00','M','302607'),('98548627671','2000-03-01 00:00:00','M','302607'),('98548627762','2000-03-01 00:00:00','M','302607'),('98548628307','2000-03-01 00:00:00','M','302607'),('98548628406','2000-03-01 00:00:00','M','302607'),('98548628448','2000-03-01 00:00:00','M','302607'),('98548637464','2000-03-01 00:00:00','M','302607'),('98548637555','2000-03-01 00:00:00','M','302607'),('98548637969','2000-03-01 00:00:00','M','302607'),('98548638306','2000-03-01 00:00:00','M','302607'),('98549948217','2000-03-01 00:00:00','M','302607'),('98549948308','2000-03-01 00:00:00','M','302607'),('98549948571','2000-03-01 00:00:00','M','302607'),('98549948803','2000-03-01 00:00:00','M','302607'),('98549948928','2000-03-01 00:00:00','M','302607'),('98549949140','2000-03-01 00:00:00','M','302607'),('98549949322','2000-03-01 00:00:00','M','302607'),('98549949413','2000-03-01 00:00:00','M','302607'),('98549958737','2000-03-01 00:00:00','M','302607'),('98549959057','2000-03-01 00:00:00','M','302607'),('98549959115','2000-03-01 00:00:00','M','302607'),('98549959503','2000-03-01 00:00:00','M','302607'),('98550173499','2000-03-01 00:00:00','M','302607'),('98550173754','2000-03-01 00:00:00','M','302607'),('98550174133','2000-03-01 00:00:00','M','302607'),('98550174190','2000-03-01 00:00:00','M','302607'),('98550174232','2000-03-01 00:00:00','M','302607'),('98550184447','2000-03-01 00:00:00','M','302607'),('98550184595','2000-03-01 00:00:00','M','302607'),('98550184918','2000-03-01 00:00:00','M','302607'),('98621475816','2000-03-01 00:00:00','M','302607'),('98621485005','2000-03-01 00:00:00','M','302607'),('98621485062','2000-03-01 00:00:00','M','302607'),('98621485377','2000-03-01 00:00:00','M','302607'),('98621485641','2000-03-01 00:00:00','M','302607'),('98621485732','2000-03-01 00:00:00','M','302607'),('98621485823','2000-03-01 00:00:00','M','302607'),('98621485930','2000-03-01 00:00:00','M','302607'),('98621486029','2000-03-01 00:00:00','M','302607'),('98621486037','2000-03-01 00:00:00','M','302607'),('98621495095','2000-03-01 00:00:00','M','302607'),('98621669236','2000-03-01 00:00:00','M','302607'),('98621669368','2000-03-01 00:00:00','M','302607'),('98621669392','2000-03-01 00:00:00','M','302607'),('98621669715','2000-03-01 00:00:00','M','302607'),('98621669731','2000-03-01 00:00:00','M','302607'),('98621669921','2000-03-01 00:00:00','M','302607'),('98621670168','2000-03-01 00:00:00','M','302607'),('98621699860','2000-03-01 00:00:00','M','302607'),('98621700221','2000-03-01 00:00:00','M','302607'),('98621700338','2000-03-01 00:00:00','M','302607'),('98621701062','2000-03-01 00:00:00','M','302607');
/*!40000 ALTER TABLE `patient` ENABLE KEYS */;
UNLOCK TABLES;

--
-- Table structure for table `patient_death_details`
--

DROP TABLE IF EXISTS `patient_death_details`;
/*!40101 SET @saved_cs_client     = @@character_set_client */;
/*!40101 SET character_set_client = utf8 */;
CREATE TABLE `patient_death_details` (
  `id` int(11) NOT NULL AUTO_INCREMENT,
  `patient_hid` varchar(50) DEFAULT NULL,
  `encounter_id` varchar(50) DEFAULT NULL,
  `date_of_death` datetime DEFAULT NULL,
  `cause_concept_uuid` varchar(50) DEFAULT NULL,
  `cause_code` varchar(50) DEFAULT NULL,
  `circumstances_of_death` varchar(500) DEFAULT NULL,
  `patient_age_years` int(11) DEFAULT NULL,
  `patient_age_months` int(11) DEFAULT NULL,
  `patient_age_days` int(11) DEFAULT NULL,
  `uuid` varchar(50) DEFAULT NULL,
  `created_at` timestamp NULL DEFAULT CURRENT_TIMESTAMP,
  PRIMARY KEY (`id`)
) ENGINE=InnoDB AUTO_INCREMENT=19 DEFAULT CHARSET=utf8;
/*!40101 SET character_set_client = @saved_cs_client */;

--
-- Dumping data for table `patient_death_details`
--

LOCK TABLES `patient_death_details` WRITE;
/*!40000 ALTER TABLE `patient_death_details` DISABLE KEYS */;
INSERT INTO `patient_death_details` VALUES (2,'98431738312','47ed63f1-909c-41cb-ae0d-65b7035413b2','2015-05-21 17:29:45',NULL,NULL,NULL,26,312,9500,'43aa427c-b0f3-42d9-b30b-d5a0ac0d34ea','2015-05-21 12:00:23'),(4,'98488580856','0b574d2b-16ed-4c61-8743-f617be3b4c29','2015-05-25 14:00:55',NULL,NULL,NULL,20,240,7321,'7af9f94f-50d4-4e92-82dd-6d8496eaf909','2015-05-25 08:31:23'),(6,'98488713366','86a44d1a-4d8d-4ad7-b552-f061a9948d34','2015-05-25 14:16:57',NULL,NULL,NULL,51,612,18645,'47e8813d-7829-4adc-8064-b497ed5a92c6','2015-05-25 08:47:25'),(8,'98489686744','6fc075ca-0a47-4bc6-b312-d4a95a0a37c0','2015-05-25 16:00:16',NULL,NULL,NULL,20,240,7315,'2282180d-293b-4e9a-a96e-f1180b208067','2015-05-25 10:30:22'),(10,'98517057520','6a36e7b8-a6ac-48bb-a015-e54b8ee0468a','2015-05-27 12:20:05',NULL,NULL,NULL,19,228,6957,'ed8b709c-844f-4486-af5c-9c97fba8db7e','2015-05-27 06:54:22'),(12,'98517159813','9c8c0817-22b0-4447-93b5-a07a7e2eb901','2015-05-27 12:31:07',NULL,NULL,NULL,33,396,12079,'e9217d03-5341-4726-b503-041ee1af1ab7','2015-05-27 07:02:26'),(14,'98533718469','287891fb-6d23-4f8f-8a62-2c59df55dbfa','2015-05-28 15:43:13',NULL,NULL,NULL,15,181,5537,'3fc707d7-dd46-4762-aff4-58d6ffc9f7dd','2015-05-28 10:13:29'),(16,'98534906444','c55ae9b6-ef47-4317-8ccf-e2c7ed679444','2015-05-28 17:35:12',NULL,NULL,NULL,15,181,5537,'d320a7f3-9065-426c-be7e-03387e9846bc','2015-06-02 05:05:13'),(18,'98535038841','dd6306c4-125a-4604-ae48-b081b87ff3c2','2015-05-28 17:37:19',NULL,NULL,NULL,15,181,5537,'5105b00a-d2ce-471f-8306-e76e75f05563','2015-06-02 05:05:13');
/*!40000 ALTER TABLE `patient_death_details` ENABLE KEYS */;
UNLOCK TABLES;

--
-- Table structure for table `procedures`
--

DROP TABLE IF EXISTS `procedures`;
/*!40101 SET @saved_cs_client     = @@character_set_client */;
/*!40101 SET character_set_client = utf8 */;
CREATE TABLE `procedures` (
  `procedure_id` int(11) NOT NULL AUTO_INCREMENT,
  `patient_hid` varchar(50) DEFAULT NULL,
  `encounter_id` varchar(50) DEFAULT NULL,
  `date` datetime DEFAULT NULL,
  `start_date` datetime DEFAULT NULL,
  `end_date` datetime DEFAULT NULL,
  `procedure_uuid` varchar(50) DEFAULT NULL,
  `procedure_code` varchar(50) DEFAULT NULL,
  `diagnosis_uuid` varchar(50) DEFAULT NULL,
  `diagnosis_code` varchar(50) DEFAULT NULL,
  `created_at` timestamp NULL DEFAULT CURRENT_TIMESTAMP,
  PRIMARY KEY (`procedure_id`)
) ENGINE=InnoDB AUTO_INCREMENT=3 DEFAULT CHARSET=utf8;
/*!40101 SET character_set_client = @saved_cs_client */;

--
-- Dumping data for table `procedures`
--

LOCK TABLES `procedures` WRITE;
/*!40000 ALTER TABLE `procedures` DISABLE KEYS */;
INSERT INTO `procedures` VALUES (2,'98431492175','2f765f5f-188a-4b10-b25a-6ddafb5d3757','2015-05-21 17:03:30','2015-05-06 00:00:00','2015-05-22 00:00:00','1507d8df-93d4-473f-88fc-44de3f579abd',NULL,NULL,NULL,'2015-05-21 11:49:16');
/*!40000 ALTER TABLE `procedures` ENABLE KEYS */;
UNLOCK TABLES;

--
-- Table structure for table `provider`
--

DROP TABLE IF EXISTS `provider`;
/*!40101 SET @saved_cs_client     = @@character_set_client */;
/*!40101 SET character_set_client = utf8 */;
CREATE TABLE `provider` (
  `id` varchar(20) NOT NULL,
  `name` varchar(50) DEFAULT NULL,
  `facility_id` varchar(50) DEFAULT NULL,
  `created_at` datetime DEFAULT CURRENT_TIMESTAMP,
  PRIMARY KEY (`id`)
) ENGINE=InnoDB DEFAULT CHARSET=utf8;
/*!40101 SET character_set_client = @saved_cs_client */;

--
-- Dumping data for table `provider`
--

LOCK TABLES `provider` WRITE;
/*!40000 ALTER TABLE `provider` DISABLE KEYS */;
INSERT INTO `provider` VALUES ('113077','Bahmni CHW Local User2','10019852','2015-05-21 16:24:14');
/*!40000 ALTER TABLE `provider` ENABLE KEYS */;
UNLOCK TABLES;

--
-- Table structure for table `reference_term`
--

DROP TABLE IF EXISTS `reference_term`;
/*!40101 SET @saved_cs_client     = @@character_set_client */;
/*!40101 SET character_set_client = utf8 */;
CREATE TABLE `reference_term` (
  `reference_term_uuid` varchar(50) NOT NULL,
  `name` varchar(255) DEFAULT NULL,
  `code` varchar(50) DEFAULT NULL,
  `source` varchar(50) DEFAULT NULL,
  `created_at` datetime DEFAULT CURRENT_TIMESTAMP,
  `updated_at` datetime DEFAULT CURRENT_TIMESTAMP,
  PRIMARY KEY (`reference_term_uuid`)
) ENGINE=InnoDB DEFAULT CHARSET=utf8;
/*!40101 SET character_set_client = @saved_cs_client */;

--
-- Dumping data for table `reference_term`
--

LOCK TABLES `reference_term` WRITE;
/*!40000 ALTER TABLE `reference_term` DISABLE KEYS */;
INSERT INTO `reference_term` VALUES ('03c6c49a-45a9-489a-9303-0d38be85961f','Pain in throat and chest','R07','ICD10-BD','2015-06-03 14:05:49','2015-06-03 14:06:11'),('08ef6ffb-8e29-4a94-ac37-2156b0d8e773','Superficial injury of shoulder and upper arm','S40','ICD10-BD','2015-06-03 14:04:19','2015-06-03 14:04:41'),('6be6299e-febc-474b-9b98-229f6a34bb0d','Biovar Cholera','A00.0','ICD10-BD','2015-05-27 20:03:20','2015-05-27 20:03:20'),('6ed915da-fded-11e4-8e63-0050568276cf','Death Alert','419620001','SNOMED-CT-BD','2015-05-19 16:07:42','2015-05-19 16:08:04'),('6f0fd9ff-fded-11e4-8e63-0050568276cf','Travel vaccinations','281657000','SNOMED-CT-BD','2015-05-19 16:07:42','2015-05-19 16:08:03'),('e7c4534c-da13-4bbd-84e1-482efa7ffa94','Cholera','A00','ICD10-BD','2015-05-27 20:02:20','2015-05-27 20:02:20');
/*!40000 ALTER TABLE `reference_term` ENABLE KEYS */;
UNLOCK TABLES;

--
-- Table structure for table `reference_term_map`
--

DROP TABLE IF EXISTS `reference_term_map`;
/*!40101 SET @saved_cs_client     = @@character_set_client */;
/*!40101 SET character_set_client = utf8 */;
CREATE TABLE `reference_term_map` (
  `reference_term_map_id` int(11) NOT NULL AUTO_INCREMENT,
  `concept_uuid` varchar(50) DEFAULT NULL,
  `reference_term_uuid` varchar(50) DEFAULT NULL,
  `relationship_type` varchar(50) DEFAULT NULL,
  `created_at` datetime DEFAULT CURRENT_TIMESTAMP,
  PRIMARY KEY (`reference_term_map_id`)
) ENGINE=InnoDB AUTO_INCREMENT=6 DEFAULT CHARSET=utf8;
/*!40101 SET character_set_client = @saved_cs_client */;

--
-- Dumping data for table `reference_term_map`
--

LOCK TABLES `reference_term_map` WRITE;
/*!40000 ALTER TABLE `reference_term_map` DISABLE KEYS */;
INSERT INTO `reference_term_map` VALUES (2,'6f0e8ae4-fded-11e4-8e63-0050568276cf','6f0fd9ff-fded-11e4-8e63-0050568276cf','SAME-AS','2015-05-19 16:08:03'),(3,'6ed85e03-fded-11e4-8e63-0050568276cf','6ed915da-fded-11e4-8e63-0050568276cf','SAME-AS','2015-05-19 16:08:03'),(4,'2eb0d19b-d023-4dde-8b36-d8255e8eb180','08ef6ffb-8e29-4a94-ac37-2156b0d8e773','SAME-AS','2015-06-03 14:04:40'),(5,'1f836ddb-9f3f-4dc2-8fc3-8cac9225d6f2','03c6c49a-45a9-489a-9303-0d38be85961f','SAME-AS','2015-06-03 14:06:11');
/*!40000 ALTER TABLE `reference_term_map` ENABLE KEYS */;
UNLOCK TABLES;

--
-- Dumping routines for database 'datasense'
--
/*!40103 SET TIME_ZONE=@OLD_TIME_ZONE */;

/*!40101 SET SQL_MODE=@OLD_SQL_MODE */;
/*!40014 SET FOREIGN_KEY_CHECKS=@OLD_FOREIGN_KEY_CHECKS */;
/*!40014 SET UNIQUE_CHECKS=@OLD_UNIQUE_CHECKS */;
/*!40101 SET CHARACTER_SET_CLIENT=@OLD_CHARACTER_SET_CLIENT */;
/*!40101 SET CHARACTER_SET_RESULTS=@OLD_CHARACTER_SET_RESULTS */;
/*!40101 SET COLLATION_CONNECTION=@OLD_COLLATION_CONNECTION */;
/*!40111 SET SQL_NOTES=@OLD_SQL_NOTES */;

-- Dump completed on 2015-06-03 14:55:30
